model,launchDate,numCores,numThreads,baseClock,maxboostClock,allCoreBoostSpeed,L1Cache,L2Cache,L3Cache,processTech,PCIeVersion,PCIeLanes,defaultTDP,configTDP,tjMax,sysMemType,sysMemSpecs,memChannels,perSocketMemBW,graphicsCores,graphicsFreq,unlocked,platform,cpuSocket,socketCount,family,line,graphicsModel,thermalSolution
AMD Ryzen™ 5 6600H,2022,6,12,3.3,4.5,,384,3,16,6,4.0,,45,,95,DDR5,,4,,6,1900,No,Laptop,FP7,,AMD Ryzen™ Processors,AMD Ryzen™ 5 Mobile Processors with Radeon™ Graphics,AMD Radeon™ 660M,
AMD Ryzen™ 5 6600HS​,2022,6,12,3.3,4.5,,384,3,16,6,4.0,,35,,95,DDR5,,4,,6,1900,No,Laptop,FP7,,AMD Ryzen™ Processors,AMD Ryzen™ 5 Mobile Processors with Radeon™ Graphics,AMD Radeon™ 660M,
AMD Ryzen™ 5 6600U,2022,6,12,2.9,4.5,,384,3,16,6,4.0,,15,15-28,95,DDR5,,4,,6,1900,No,Laptop,FP7,,AMD Ryzen™ Processors,AMD Ryzen™ 5 Mobile Processors with Radeon™ Graphics,AMD Radeon™ 660M,
AMD Ryzen™ 5 PRO 6650H,2022,6,12,3.3,4.5,,384,3,16,6,4.0,,45,,95,DDR5,,4,,6,1900,No,Laptop,,,AMD Ryzen™ PRO Processors,AMD Ryzen™ 5 PRO 6000 Series Mobile Processors,AMD Radeon™ 660M,
AMD Ryzen™ 5 PRO 6650HS,2022,6,12,3.3,4.5,,384,3,16,6,4.0,,35,,95,DDR5,,4,,6,1900,No,Laptop,,,AMD Ryzen™ PRO Processors,AMD Ryzen™ 5 PRO 6000 Series Mobile Processors,AMD Radeon™ 660M,
AMD Ryzen™ 5 PRO 6650U,2022,6,12,2.9,4.5,,384,3,16,6,4.0,,15,15-28,95,DDR5,,4,,6,1900,No,Laptop,,,AMD Ryzen™ PRO Processors,AMD Ryzen™ 5 PRO 6000 Series Mobile Processors,AMD Radeon™ 660M,
AMD Ryzen™ 7 6800H,2022,8,16,3.2,4.7,,512,4,16,6,4.0,,45,,95,DDR5,,4,,12,2200,No,Laptop,FP7,,AMD Ryzen™ Processors,AMD Ryzen™ 7 Mobile Processors with Radeon™ Graphics,AMD Radeon™ 680M,
AMD Ryzen™ 7 6800HS,2022,8,16,3.2,4.7,,512,4,16,6,4.0,,35,,95,DDR5,,4,,12,2200,No,Laptop,FP7,,AMD Ryzen™ Processors,AMD Ryzen™ 7 Mobile Processors with Radeon™ Graphics,AMD Radeon™ 680M,
AMD Ryzen™ 7 6800U​,2022,8,16,2.7,4.7,,512,4,16,6,4.0,,15,15-28,95,DDR5,,4,,12,2200,No,Laptop,FP7,,AMD Ryzen™ Processors,AMD Ryzen™ 7 Mobile Processors with Radeon™ Graphics,AMD Radeon™ 680M,
AMD Ryzen™ 7 PRO 6850H,2022,8,16,3.2,4.7,,512,4,16,6,4.0,,45,,95,DDR5,,4,,12,2200,No,Laptop,,,AMD Ryzen™ PRO Processors,AMD Ryzen™ 7 PRO 6000 Series Mobile Processors,AMD Radeon™ 680M,
AMD Ryzen™ 7 PRO 6850HS,2022,8,16,3.2,4.7,,512,4,16,6,4.0,,35,,95,DDR5,,4,,12,2200,No,Laptop,,,AMD Ryzen™ PRO Processors,AMD Ryzen™ 7 PRO 6000 Series Mobile Processors,AMD Radeon™ 680M,
AMD Ryzen™ 7 PRO 6850U,2022,8,16,2.7,4.7,,512,4,16,6,4.0,,15,15-28,95,DDR5,,4,,12,2200,No,Laptop,,,AMD Ryzen™ PRO Processors,AMD Ryzen™ 7 PRO 6000 Series Mobile Processors,AMD Radeon™ 680M,
AMD Ryzen™ 9 6900HS​,2022,8,16,3.3,4.9,,512,4,16,6,4.0,,35,,95,DDR5,,4,,12,2400,No,Laptop,,,AMD Ryzen™ Processors,AMD Ryzen™ 9 Mobile Processors with Radeon™ Graphics,AMD Radeon™ 680M,
AMD Ryzen™ 9 6900HX,2022,8,16,3.3,4.9,,512,4,16,6,4.0,,45,,95,DDR5,,4,,12,2400,Yes,Laptop,FP7,,AMD Ryzen™ Processors,AMD Ryzen™ 9 Mobile Processors with Radeon™ Graphics,AMD Radeon™ 680M,
AMD Ryzen™ 9 6980HS,2022,8,16,3.3,5,,512,4,16,6,4.0,,35,,95,DDR5,,4,,12,2400,No,Laptop,FP7,,AMD Ryzen™ Processors,AMD Ryzen™ 9 Mobile Processors with Radeon™ Graphics,AMD Radeon™ 680M,
AMD Ryzen™ 9 6980HX,2022,8,16,3.3,5,,512,4,16,6,4.0,,45,,95,DDR5,,4,,12,2400,Yes,Laptop,FP7,,AMD Ryzen™ Processors,AMD Ryzen™ 9 Mobile Processors with Radeon™ Graphics,AMD Radeon™ 680M,
AMD Ryzen™ 9 PRO 6950H,2022,8,16,3.3,4.9,,384,4,16,6,4.0,,45,,95,DDR5,,4,,12,2400,No,Laptop,,,AMD Ryzen™ PRO Processors,AMD Ryzen™ 9 PRO 6000 Series Mobile Processors,AMD Radeon™ 680M,
AMD Ryzen™ 9 PRO 6950HS,2022,8,16,3.3,4.9,,512,4,16,6,4.0,,35,,94.99,DDR5,,4,,12,2400,No,Laptop,,,AMD Ryzen™ PRO Processors,AMD Ryzen™ 9 PRO 6000 Series Mobile Processors,AMD Radeon™ 680M,
AMD Ryzen™ 3 PRO 5350G,2021,4,8,4,4.2,,,2,8,7,3.0,,65,,95,DDR4,3200,2,,6,1700,No,Desktop,AM4,,AMD Ryzen™ PRO Processors,AMD Ryzen™ 3 PRO 5000 Series Desktop Processors,Radeon™  Graphics,
AMD Ryzen™ 3 PRO 5350GE,2021,4,8,3.6,4.2,,,2,8,7,3.0,,35,,95,DDR4,3200,2,,6,1700,No,Desktop,AM4,,AMD Ryzen™ PRO Processors,AMD Ryzen™ 3 PRO 5000 Series Desktop Processors,Radeon™  Graphics,
AMD Ryzen™ 5 PRO 5650G,2021,6,12,3.9,4.4,,,3,16,7,3.0,,65,,95,DDR4,3200,2,,7,1900,No,Desktop,AM4,,AMD Ryzen™ PRO Processors,AMD Ryzen™ 5 PRO 5000 Series Desktop Processors,Radeon™  Graphics,
AMD Ryzen™ 5 PRO 5650GE,2021,6,12,3.4,4.4,,,3,16,7,3.0,,35,,95,DDR4,3200,2,,7,1900,No,Desktop,AM4,,AMD Ryzen™ PRO Processors,AMD Ryzen™ 5 PRO 5000 Series Desktop Processors,Radeon™  Graphics,
AMD Ryzen™ 7 PRO 5750G,2021,8,16,3.8,4.6,,,4,16,7,3.0,,65,,95,DDR4,3200,2,,8,2000,No,Desktop,AM4,,AMD Ryzen™ PRO Processors,AMD Ryzen™ 7 PRO 5000 Series Desktop Processors,Radeon™  Graphics,
AMD Ryzen™ 7 PRO 5750GE,2021,8,16,3.2,4.6,,,4,16,7,3.0,,35,,95,DDR4,3200,2,,8,2000,No,Desktop,AM4,,AMD Ryzen™ PRO Processors,AMD Ryzen™ 7 PRO 5000 Series Desktop Processors,Radeon™  Graphics,
AMD 3015Ce,2021,2,4,1.2,2.3,,,1,4,14,3.0,,6,,105,DDR4,1600,1,,3,600,No,Laptop,FT5,,AMD,AMD 3000 Series Mobile Processors with Radeon™ Graphics,Radeon™  Graphics,
AMD Ryzen™ 3 5300G (OEM Only),2021,4,8,4,4.2,,,2,8,7,3.0,,65,45-65,95,DDR4,3200,2,,6,1700,Yes,Desktop,AM4,,AMD Ryzen™ Processors,AMD Ryzen™ 3 5000 G-Series Desktop Processors with Radeon™ Graphics,Radeon™  Graphics,
AMD Ryzen™ 3 5300GE (OEM Only),2021,4,8,3.6,4.2,,,2,8,7,3.0,,35,,95,DDR4,3200,2,,6,1700,Yes,Desktop,AM4,,AMD Ryzen™ Processors,AMD Ryzen™ 3 5000 G-Series Desktop Processors with Radeon™ Graphics,Radeon™  Graphics,
AMD Ryzen™ 5 4680U Microsoft Surface® Edition,2021,6,12,2.2,4,,384,3,8,7,3.0,,15,10-25,105,LPDDR4,4266,2,,7,1500,No,Laptop,FP6,,AMD Ryzen™ Processors,AMD Ryzen™ 5 Mobile Processors with Radeon™ Graphics Microsoft Surface® Edition,Radeon™  Graphics,
AMD Ryzen™ 5 5560U,2021,6,12,2.3,4,,384,3,8,7,3.0,,15,10-25,105,LPDDR4,4266,2,,7,1600,No,Laptop,FP6,,AMD Ryzen™ Processors,AMD Ryzen™ 5 Mobile Processors with Radeon™ Graphics,Radeon™  Graphics,
AMD Ryzen™ 5 5600G,2021,6,12,3.9,4.4,,,3,16,7,3.0,,65,45-65,95,DDR4,3200,2,,7,1900,Yes,Desktop,AM4,,AMD Ryzen™ Processors,AMD Ryzen™ 5 5000 G-Series Desktop Processors with Radeon™ Graphics,Radeon™  Graphics,Wraith Stealth
AMD Ryzen™ 5 5600GE,2021,6,12,3.4,4.4,,,3,16,7,3.0,,35,,95,DDR4,3200,2,,7,1900,Yes,Desktop,AM4,,AMD Ryzen™ Processors,AMD Ryzen™ 5 5000 G-Series Desktop Processors with Radeon™ Graphics,Radeon™  Graphics,Wraith Stealth
AMD Ryzen™ 7 4980U Microsoft Surface® Edition,2021,8,16,2,4.4,,512,4,8,7,3.0,,15,10-25,105,LPDDR4,4266,2,,8,1950,No,Laptop,FP6,,AMD Ryzen™ Processors,AMD Ryzen™ 7 Mobile Processors with Radeon™ Graphics Microsoft Surface® Edition,Radeon™  Graphics,
AMD Ryzen™ 7 5700G,2021,8,16,3.8,4.6,,,4,16,7,3.0,,65,45-65,95,DDR4,3200,2,,8,2000,Yes,Desktop,AM4,,AMD Ryzen™ Processors,AMD Ryzen™ 7 5000 G-Series Desktop Processors with Radeon™ Graphics,Radeon™  Graphics,Wraith Stealth
AMD Ryzen™ 7 5700GE,2021,8,16,3.2,4.6,,,4,16,7,3.0,,35,,95,DDR4,3200,2,,8,2000,Yes,Desktop,AM4,,AMD Ryzen™ Processors,AMD Ryzen™ 7 5000 G-Series Desktop Processors with Radeon™ Graphics,Radeon™  Graphics,Wraith Stealth
AMD Ryzen™ 3 PRO 5450U,2021,4,8,2.6,4,,,2,8,7,3.0,,15,,105,LPDDR4,4266,,,6,1600,No,Laptop,FP6,,AMD Ryzen™ PRO Processors,AMD Ryzen™ 3 PRO 5000 Series Mobile Processors,AMD Radeon™ Graphics,
AMD Ryzen™ 5 PRO 5650U,2021,6,12,2.3,4.2,,,3,16,7,3.0,,15,,105,LPDDR4,4266,,,7,1800,No,Laptop,FP6,,AMD Ryzen™ PRO Processors,AMD Ryzen™ 5 PRO 5000 Series Mobile Processors,AMD Radeon™ Graphics,
AMD Ryzen™ 7 PRO 5850U,2021,8,16,1.9,4.4,,,4,16,7,3.0,,15,,105,LPDDR4,4266,,,8,2000,No,Laptop,FP6,,AMD Ryzen™ PRO Processors,AMD Ryzen™ 7 PRO 5000 Series Mobile Processors,AMD Radeon™ Graphics,
AMD EPYC™ 72F3,2021,8,16,3.7,4.1,,,,256,,4.0,128,180,165-200,,DDR4,3200,8,204.8,,,,Server,SP3,1P/2P,AMD EPYC™,AMD EPYC™ 7003 Series,,
AMD EPYC™ 7313,2021,16,32,3,3.7,,,,128,,4.0,128,155,155-180,,DDR4,3200,8,204.8,,,,Server,SP3,1P/2P,AMD EPYC™,AMD EPYC™ 7003 Series,,
AMD EPYC™ 7313P,2021,16,32,3,3.7,,,,128,,4.0,128,155,155-180,,DDR4,3200,8,204.8,,,,Server,SP3,1P,AMD EPYC™,AMD EPYC™ 7003 Series,,
AMD EPYC™ 7343,2021,16,32,3.2,3.9,,,,128,,4.0,128,190,165-200,,DDR4,3200,8,204.8,,,,Server,SP3,1P/2P,AMD EPYC™,AMD EPYC™ 7003 Series,,
AMD EPYC™ 73F3,2021,16,32,3.5,4,,,,256,,4.0,128,240,225-240,,DDR4,3200,8,204.8,,,,Server,SP3,1P/2P,AMD EPYC™,AMD EPYC™ 7003 Series,,
AMD EPYC™ 7413,2021,24,48,2.65,3.6,,,,128,,4.0,128,180,165-200,,DDR4,3200,8,204.8,,,,Server,SP3,1P/2P,AMD EPYC™,AMD EPYC™ 7003 Series,,
AMD EPYC™ 7443,2021,24,48,2.85,4,,,,128,,4.0,128,200,165-200,,DDR4,3200,8,204.8,,,,Server,SP3,1P/2P,AMD EPYC™,AMD EPYC™ 7003 Series,,
AMD EPYC™ 7443P,2021,24,48,2.85,4,,,,128,,4.0,128,200,165-200,,DDR4,3200,8,204.8,,,,Server,SP3,1P,AMD EPYC™,AMD EPYC™ 7003 Series,,
AMD EPYC™ 7453,2021,28,56,2.75,3.45,,,,64,,4.0,128,225,225-240,,DDR4,3200,8,204.8,,,,Server,SP3,1P/2P,AMD EPYC™,AMD EPYC™ 7003 Series,,
AMD EPYC™ 74F3,2021,24,48,3.2,4,,,,256,,4.0,128,240,225-240,,DDR4,3200,8,204.8,,,,Server,SP3,1P/2P,AMD EPYC™,AMD EPYC™ 7003 Series,,
AMD EPYC™ 7513,2021,32,64,2.6,3.65,,,,128,,4.0,128,200,165-200,,DDR4,3200,8,204.8,,,,Server,SP3,1P/2P,AMD EPYC™,AMD EPYC™ 7003 Series,,
AMD EPYC™ 7543,2021,32,64,2.8,3.7,,,,256,,4.0,128,225,225-240,,DDR4,3200,8,204.8,,,,Server,SP3,1P/2P,AMD EPYC™,AMD EPYC™ 7003 Series,,
AMD EPYC™ 7543P,2021,32,64,2.8,3.7,,,,256,,4.0,128,225,225-240,,DDR4,3200,8,204.8,,,,Server,SP3,1P,AMD EPYC™,AMD EPYC™ 7003 Series,,
AMD EPYC™ 75F3,2021,32,64,2.95,4,,,,256,,4.0,128,280,225-280,,DDR4,3200,8,204.8,,,,Server,SP3,1P/2P,AMD EPYC™,AMD EPYC™ 7003 Series,,
AMD EPYC™ 7643,2021,48,96,2.3,3.6,,,,256,,4.0,128,225,225-240,,DDR4,3200,8,204.8,,,,Server,SP3,1P/2P,AMD EPYC™,AMD EPYC™ 7003 Series,,
AMD EPYC™ 7663,2021,56,112,2,3.5,,,,256,,4.0,128,240,225-240,,DDR4,3200,8,204.8,,,,Server,SP3,1P/2P,AMD EPYC™,AMD EPYC™ 7003 Series,,
AMD EPYC™ 7713,2021,64,128,2,3.675,,,,256,,4.0,128,225,225-240,,DDR4,3200,8,204.8,,,,Server,SP3,1P/2P,AMD EPYC™,AMD EPYC™ 7003 Series,,
AMD EPYC™ 7713P,2021,64,128,2,3.675,,,,256,,4.0,128,225,225-240,,DDR4,3200,8,204.8,,,,Server,SP3,1P,AMD EPYC™,AMD EPYC™ 7003 Series,,
AMD EPYC™ 7763,2021,64,128,2.45,3.5,,,,256,,4.0,128,280,225-280,,DDR4,3200,8,204.8,,,,Server,SP3,1P/2P,AMD EPYC™,AMD EPYC™ 7003 Series,,
AMD Ryzen™ 3 5300U,2021,4,8,2.6,3.8,,,2,4,7,3.0,,15,10-25,105,LPDDR4,4266,,,6,1500,,Laptop,FP6,,AMD Ryzen™ Processors,AMD Ryzen™ 3 Mobile Processors with Radeon™ Graphics,AMD Radeon™ Graphics,
AMD Ryzen™ 3 5400U,2021,4,8,2.6,4,,,2,8,7,3.0,,15,10-25,105,LPDDR4,4266,,,6,1600,,Laptop,FP6,,AMD Ryzen™ Processors,AMD Ryzen™ 3 Mobile Processors with Radeon™ Graphics,AMD Radeon™ Graphics,
AMD Ryzen™ 5 5500U,2021,6,12,2.1,4,,,3,8,7,3.0,,15,10-25,105,LPDDR4,4266,,,7,1800,,Laptop,FP6,,AMD Ryzen™ Processors,AMD Ryzen™ 5 Mobile Processors with Radeon™ Graphics,AMD Radeon™ Graphics,
AMD Ryzen™ 5 5600H,2021,6,12,3.3,4.2,,,3,16,7,3.0,,45,35-54,105,LPDDR4,4266,,,7,1800,,Laptop,FP6,,AMD Ryzen™ Processors,AMD Ryzen™ 5 Mobile Processors with Radeon™ Graphics,AMD Radeon™ Graphics,
AMD Ryzen™ 5 5600HS,2021,6,12,3,4.2,,,3,16,7,3.0,,35,,105,LPDDR4,4266,,,7,1800,,Laptop,FP6,,AMD Ryzen™ Processors,AMD Ryzen™ 5 Mobile Processors with Radeon™ Graphics,AMD Radeon™ Graphics,
AMD Ryzen™ 5 5600U,2021,6,12,2.3,4.2,,,3,16,7,3.0,,15,10-25,105,LPDDR4,4266,,,7,1800,,Laptop,FP6,,AMD Ryzen™ Processors,AMD Ryzen™ 5 Mobile Processors with Radeon™ Graphics,AMD Radeon™ Graphics,
AMD Ryzen™ 7 5700U,2021,8,16,1.8,4.3,,,4,8,7,3.0,,15,10-25,105,LPDDR4,4266,,,8,1900,,Laptop,FP6,,AMD Ryzen™ Processors,AMD Ryzen™ 7 Mobile Processors with Radeon™ Graphics,AMD Radeon™ Graphics,
AMD Ryzen™ 7 5800 (OEM Only),2021,8,16,3.4,4.6,,,4,32,7,4.0,,65,,95,DDR4,3200,,,,,Yes,Desktop,AM4,,AMD Ryzen™ Processors,AMD Ryzen™ 7 Desktop Processors,,
AMD Ryzen™ 7 5800H,2021,8,16,3.2,4.4,,,4,16,7,3.0,,45,35-54,105,LPDDR4,4266,,,8,2000,,Laptop,FP6,,AMD Ryzen™ Processors,AMD Ryzen™ 7 Mobile Processors with Radeon™ Graphics,AMD Radeon™ Graphics,
AMD Ryzen™ 7 5800HS,2021,8,16,2.8,4.4,,,4,16,7,3.0,,35,,105,LPDDR4,4266,,,8,2000,,Laptop,FP6,,AMD Ryzen™ Processors,AMD Ryzen™ 7 Mobile Processors with Radeon™ Graphics,AMD Radeon™ Graphics,
AMD Ryzen™ 7 5800U,2021,8,16,1.9,4.4,,,4,16,7,3.0,,15,10-25,105,LPDDR4,4266,,,8,2000,,Laptop,FP6,,AMD Ryzen™ Processors,AMD Ryzen™ 7 Mobile Processors with Radeon™ Graphics,AMD Radeon™ Graphics,
AMD Ryzen™ 9 5900 (OEM Only),2021,12,24,3,4.7,,,6,64,7,4.0,,65,,95,DDR4,3200,,,,,Yes,Desktop,AM4,,AMD Ryzen™ Processors,AMD Ryzen™ 9 Desktop Processors,,
AMD Ryzen™ 9 5900HS,2021,8,16,3,4.6,,8,4,16,7,3.0,,35,,105,LPDDR4,4266,,,,2100,,Laptop,FP6,,AMD Ryzen™ Processors,AMD Ryzen™ 9 Mobile Processors with Radeon™ Graphics,AMD Radeon™ Graphics,
AMD Ryzen™ 9 5900HX,2021,8,16,3.3,4.6,,,4,16,7,3.0,,54,35-54,105,LPDDR4,4266,,,8,2100,,Laptop,FP6,,AMD Ryzen™ Processors,AMD Ryzen™ 9 Mobile Processors with Radeon™ Graphics,AMD Radeon™ Graphics,
AMD Ryzen™ 9 5980HS,2021,8,16,3,4.8,,,4,16,7,3.0,,35,,105,LPDDR4,4266,,,8,2100,,Laptop,FP6,,AMD Ryzen™ Processors,AMD Ryzen™ 9 Mobile Processors with Radeon™ Graphics,AMD Radeon™ Graphics,
AMD Ryzen™ 9 5980HX,2021,8,16,3.3,4.8,,,4,16,7,3.0,,54,35-54,105,LPDDR4,4266,,,8,2100,,Laptop,FP6,,AMD Ryzen™ Processors,AMD Ryzen™ 9 Mobile Processors with Radeon™ Graphics,AMD Radeon™ Graphics,
AMD Athlon™ PRO 3045B,2021,2,2,2.3,3.2,,,1,4,14,3.0,,15,12-25,100,DDR4,2400,2,,2,1100,,Laptop,FP5,,AMD Athlon™ PRO Processors,AMD Athlon™ PRO Mobile Processors with Radeon™ Graphics,AMD Radeon™ Graphics,
AMD Athlon™ PRO 3145B,2021,2,4,2.4,3.3,,,1,4,14,3.0,,15,12-25,100,DDR4,2400,2,,3,1000,,Laptop,FP5,,AMD Athlon™ PRO Processors,AMD Athlon™ PRO Mobile Processors with Radeon™ Graphics,AMD Radeon™ Graphics,
AMD Ryzen™ 5 5600X,2020,6,12,3.7,4.6,,,3,32,7,4.0,,65,,95,DDR4,3200,,,,,Yes,Desktop,AM4,,AMD Ryzen™ Processors,AMD Ryzen™ 5 Desktop Processors,,Wraith Stealth
AMD Ryzen™ 7 5800X,2020,8,16,3.8,4.7,,,4,32,7,4.0,,105,,90,DDR4,3200,,,,,Yes,Desktop,AM4,,AMD Ryzen™ Processors,AMD Ryzen™ 7 Desktop Processors,,
AMD Ryzen™ 9 5900X,2020,12,24,3.7,4.8,,,6,64,7,4.0,,105,,90,DDR4,3200,,,,,Yes,Desktop,AM4,,AMD Ryzen™ Processors,AMD Ryzen™ 9 Desktop Processors,,
AMD Ryzen™ 9 5950X,2020,16,32,3.4,4.9,,,8,64,7,4.0,,105,,90,DDR4,3200,,,,,Yes,Desktop,AM4,,AMD Ryzen™ Processors,AMD Ryzen™ 9 Desktop Processors,,
AMD Athlon™  Silver 3050C,2020,2,2,2.3,3.2,,192,1,4,14,,,15,12-25,95,,,,,2,1100,No,Laptop,FP5,,AMD Athlon™ Processors,AMD Athlon™ Mobile Processors with Radeon™ Graphics,AMD Radeon™ Graphics,
AMD Athlon™ Gold 3150C,2020,2,4,2.4,3.3,,192,1,4,14,,,15,12-25,95,,,,,3,1100,No,Laptop,FP5,,AMD Athlon™ Processors,AMD Athlon™ Mobile Processors with Radeon™ Graphics,AMD Radeon™ Graphics,
AMD Ryzen™ 3 3250C,2020,2,4,2.6,3.5,,192,1,4,14,,,15,12-25,105,,,,,3,1200,No,Laptop,FP5,,AMD Ryzen™ Processors,AMD Ryzen™ 3 Mobile Processors with Radeon™ Graphics,AMD Radeon™ Graphics,
AMD Ryzen™ 5 3500C,2020,4,8,2.1,3.7,,384,2,4,12,,,15,12-25,105,,,,,8,1200,No,Laptop,FP5,,AMD Ryzen™ Processors,AMD Ryzen™ 5 Mobile Processors with Radeon™ Graphics,AMD Radeon™ Graphics,
AMD Ryzen™ 7 3700C,2020,4,8,2.3,4,,384,2,4,12,,,15,12-25,105,,,,,10,1400,No,Laptop,FP5,,AMD Ryzen™ Processors,AMD Ryzen™ 7 Mobile Processors with Radeon™ Graphics,AMD Radeon™ Graphics,
AMD Athlon™ Gold 3150G (OEM Only),2020,4,4,3.5,3.9,,384,2,4,12,3.0,,65,45-65,95,DDR4,2933,2,,3,1100,Yes,Desktop,AM4,,AMD Athlon™ Processors,AMD Athlon™ 3000 G-Series Desktop Processors with Radeon™ Graphics,Radeon™  Graphics,
AMD Athlon™ Gold 3150GE (OEM Only),2020,4,4,3.3,3.8,,384,2,4,12,3.0,,35,,95,DDR4,2933,2,,3,1100,Yes,Desktop,AM4,,AMD Athlon™ Processors,AMD Athlon™ 3000 G-Series Desktop Processors with Radeon™ Graphics,Radeon™  Graphics,
AMD Athlon™ Gold PRO 3150G,2020,4,4,3.5,3.9,,384,2,4,12,3.0,,65,45-65,95,DDR4,2933,2,,3,1100,No,Desktop,AM4,,AMD Athlon™ PRO Processors,AMD Athlon™ PRO 3000 Series Desktop Processors,Radeon™  Graphics,
AMD Athlon™ Gold PRO 3150GE,2020,4,4,3.3,3.8,,384,2,4,12,3.0,,35,,95,DDR4,2933,2,,3,1100,No,Desktop,AM4,,AMD Athlon™ PRO Processors,AMD Athlon™ PRO 3000 Series Desktop Processors,Radeon™  Graphics,
AMD Athlon™ Silver 3050GE (OEM Only),2020,2,4,3.4,3.4,,192,1,4,14,3.0,,35,,95,DDR4,2666,2,,3,1100,Yes,Desktop,AM4,,AMD Athlon™ Processors,AMD Athlon™ 3000 G-Series Desktop Processors with Radeon™ Graphics,Radeon™  Graphics,
AMD Athlon™ Silver PRO 3125GE,2020,2,4,3.4,3.4,,192,1,4,12,3.0,,35,,95,DDR4,2666,2,,3,1100,No,Desktop,AM4,,AMD Athlon™ PRO Processors,AMD Athlon™ PRO 3000 Series Desktop Processors,Radeon™  Graphics,
AMD Ryzen™ 3 4300G (OEM Only),2020,4,8,3.8,4,,256,2,4,7,3.0,,65,45-65,95,DDR4,3200,2,,6,1700,Yes,Desktop,AM4,,AMD Ryzen™ Processors,AMD Ryzen™ 3 4000 G-Series Desktop Processors with Radeon™ Graphics,Radeon™  Graphics,
AMD Ryzen™ 3 4300GE (OEM Only),2020,4,8,3.5,4,,256,2,4,7,3.0,,35,,95,DDR4,3200,2,,6,1700,Yes,Desktop,AM4,,AMD Ryzen™ Processors,AMD Ryzen™ 3 4000 G-Series Desktop Processors with Radeon™ Graphics,Radeon™  Graphics,
AMD Ryzen™ 3 PRO 4350G,2020,4,8,3.8,4,,256,2,4,7,3.0,,65,45-65,95,DDR4,3200,2,,6,1700,No,Desktop,AM4,,AMD Ryzen™ PRO Processors,AMD Ryzen™ 3 PRO 4000 Series Desktop Processors,Radeon™ Graphics,
AMD Ryzen™ 3 PRO 4350GE,2020,4,8,3.5,4,,256,2,4,7,3.0,,35,,95,DDR4,3200,2,,6,1700,No,Desktop,AM4,,AMD Ryzen™ PRO Processors,AMD Ryzen™ 3 PRO 4000 Series Desktop Processors,Radeon™ Graphics,
AMD Ryzen™ 5 4600G,2020,6,12,3.7,4.2,,384,3,8,7,3.0,,65,45-65,95,DDR4,3200,2,,7,1900,Yes,Desktop,AM4,,AMD Ryzen™ Processors,AMD Ryzen™ 5 4000 G-Series Desktop Processors with Radeon™ Graphics,Radeon™  Graphics,
AMD Ryzen™ 5 4600GE (OEM Only),2020,6,12,3.3,4.2,,384,3,8,7,3.0,,35,,95,DDR4,3200,2,,7,1900,Yes,Desktop,AM4,,AMD Ryzen™ Processors,AMD Ryzen™ 5 4000 G-Series Desktop Processors with Radeon™ Graphics,Radeon™  Graphics,
AMD Ryzen™ 5 PRO 3350G,2020,4,8,3.6,4,,384,2,4,12,3.0,,65,45-65,95,DDR4,2933,2,,10,1300,No,Desktop,AM4,,AMD Ryzen™ PRO Processors,AMD Ryzen™ 5 PRO 3000 Series Desktop Processors,Radeon™  Graphics,
AMD Ryzen™ 5 PRO 3350GE,2020,4,4,3.3,3.9,,384,2,4,12,3.0,,35,,95,DDR4,2933,2,,10,1200,No,Desktop,,,AMD Ryzen™ PRO Processors,AMD Ryzen™ 5 PRO 3000 Series Desktop Processors,Radeon™  Graphics,
AMD Ryzen™ 5 PRO 4650G,2020,6,12,3.7,4.2,,384,3,8,7,3.0,,65,45-65,95,DDR4,3200,2,,7,1900,No,Desktop,AM4,,AMD Ryzen™ PRO Processors,AMD Ryzen™ 5 PRO 4000 Series Desktop Processors,Radeon™ Graphics,
AMD Ryzen™ 5 PRO 4650GE,2020,6,12,3.3,4.2,,384,3,8,7,3.0,,35,,95,DDR4,3200,2,,7,1900,No,Desktop,AM4,,AMD Ryzen™ PRO Processors,AMD Ryzen™ 5 PRO 4000 Series Desktop Processors,Radeon™ Graphics,
AMD Ryzen™ 7 4700G (OEM Only),2020,8,16,3.6,4.4,,512,4,8,7,3.0,,65,45-65,95,DDR4,3200,2,,8,2100,Yes,Desktop,AM4,,AMD Ryzen™ Processors,AMD Ryzen™ 7 4000 G-Series Desktop Processors with Radeon™ Graphics,Radeon™ Graphics,
AMD Ryzen™ 7 4700GE (OEM Only),2020,8,16,3.1,4.3,,512,4,8,7,3.0,,35,,95,DDR4,3200,2,,8,2000,Yes,Desktop,AM4,,AMD Ryzen™ Processors,AMD Ryzen™ 7 4000 G-Series Desktop Processors with Radeon™ Graphics,Radeon™  Graphics,
AMD Ryzen™ 7 PRO 4750G,2020,8,16,3.6,4.4,,512,4,8,7,3.0,,65,45-65,95,DDR4,3200,2,,8,2100,No,Desktop,AM4,,AMD Ryzen™ PRO Processors,AMD Ryzen™ 7 PRO 4000 Series Desktop Processors,Radeon™ Graphics,
AMD Ryzen™ 7 PRO 4750GE,2020,8,16,3.1,4.3,,512,4,8,7,3.0,,35,,95,DDR4,3200,2,,8,2100,No,Desktop,AM4,,AMD Ryzen™ PRO Processors,AMD Ryzen™ 7 PRO 4000 Series Desktop Processors,Radeon™ Graphics,
AMD Ryzen™ Threadripper™ PRO 3945WX,2020,12,24,4,4.3,,768,6,64,7,4.0,,280,,90,DDR4,3200,8,,,,No,Desktop,,1P,AMD Ryzen™ PRO Processors,AMD Ryzen™ Threadripper™ PRO Processors,,
AMD Ryzen™ Threadripper™ PRO 3955WX,2020,16,32,3.9,4.3,,1024,8,64,7,4.0,,280,,90,DDR4,3200,8,,,,No,Desktop,sWRX8,1P,AMD Ryzen™ PRO Processors,AMD Ryzen™ Threadripper™ PRO Processors,,
AMD Ryzen™ Threadripper™ PRO 3975WX,2020,32,64,3.5,4.2,,2048,16,128,7,4.0,,280,,90,DDR4,3200,8,,,,No,Desktop,sWRX8,1P,AMD Ryzen™ PRO Processors,AMD Ryzen™ Threadripper™ PRO Processors,,
AMD Ryzen™ Threadripper™ PRO 3995WX,2020,64,128,2.7,4.2,,4096,32,256,7,4.0,,280,,90,DDR4,3200,8,,,,No,Desktop,sWRX8,1P,AMD Ryzen™ PRO Processors,AMD Ryzen™ Threadripper™ PRO Processors,,
AMD Ryzen™ 9 4900HS,2020,8,16,3,4.3,,,4,8,7,3.0,,35,,105,LPDDR4,4266,,,8,1750,No,Laptop,FP6,,AMD Ryzen™ Processors,AMD Ryzen™ 9 Mobile Processors with Radeon™ Graphics,AMD Radeon™ Graphics,
AMD Ryzen™ 7 4800HS,2020,8,16,2.9,4.2,,,4,8,7,3.0,,45,35-54,105,LPDDR4,4266,,,7,1600,,Laptop,FP6,,AMD Ryzen™ Processors,AMD Ryzen™ 7 Mobile Processors with Radeon™ Graphics,AMD Radeon™ Graphics,
AMD 3015e,2020,2,4,1.2,2.3,,,1,4,14,3.0,,6,,105,DDR4,1600,1,,3,600,No,Laptop,FT5,,AMD,AMD 3000 Series Mobile Processors with Radeon™ Graphics,AMD Radeon™ Graphics,
AMD Ryzen™ 5 3600XT,2020,6,12,3.8,4.5,,,3,32,7,4.0,,95,,95,DDR4,3200,,,,,Yes,Desktop,AM4,,AMD Ryzen™ Processors,AMD Ryzen™ 5 Desktop Processors,,Wraith Spire
AMD Ryzen™ 7 3800XT,2020,8,16,3.9,4.7,,,4,32,7,4.0,,105,,95,DDR4,3200,,,,,Yes,Desktop,AM4,,AMD Ryzen™ Processors,AMD Ryzen™ 7 Desktop Processors,,
AMD Ryzen™ 9 3900XT,2020,12,24,3.8,4.7,,,6,64,7,4.0,,105,,95,DDR4,3200,,,,,Yes,Desktop,,,AMD Ryzen™ Processors,AMD Ryzen™ 9 Desktop Processors,,
AMD Ryzen™ 3 PRO 4450U,2020,4,8,2.5,3.7,,,2,4,7,3.0,,15,,105,LPDDR4,4266,,,5,1400,No,Laptop,FP6,,AMD Ryzen™ PRO Processors,AMD Ryzen™ 3 PRO 4000 Series Mobile Processors,AMD Radeon™ Graphics,
AMD Ryzen™ 5 PRO 4650U,2020,6,12,2.1,4,,,3,8,7,3.0,,15,,105,LPDDR4,4266,,,6,1500,No,Laptop,FP6,,AMD Ryzen™ PRO Processors,AMD Ryzen™ 5 PRO 4000 Series Mobile Processors,AMD Radeon™ Graphics,
AMD Ryzen™ 7 PRO 4750U,2020,8,16,1.7,4.1,,,4,8,7,3.0,,15,,105,LPDDR4,4266,,,7,1600,No,Laptop,FP6,,AMD Ryzen™ PRO Processors,AMD Ryzen™ 7 PRO 4000 Series Mobile Processors,AMD Radeon™ Graphics,
AMD Ryzen™ 3 3100,2020,4,8,3.6,3.9,,256,2,16,7,4.0,,65,,,DDR4,3200,,,,,Yes,Desktop,AM4,,AMD Ryzen™ Processors,AMD Ryzen™ 3 Desktop Processors,,Wraith Stealth
AMD Ryzen™ 3 3300X,2020,4,8,3.8,4.3,,256,2,16,7,4.0,,65,,,DDR4,3200,,,,,Yes,Desktop,AM4,,AMD Ryzen™ Processors,AMD Ryzen™ 3 Desktop Processors,,Wraith Stealth
AMD Ryzen™ 9 4900H,2020,8,16,3.3,4.4,,,4,8,7,3.0,,54,,105,LPDDR4,4266,,,8,1750,No,Laptop,FP6,,AMD Ryzen™ Processors,AMD Ryzen™ 9 Mobile Processors with Radeon™ Graphics,AMD Radeon™ Graphics,
AMD Ryzen™ 5 3450U,2020,4,8,2.1,3.5,,384,2,4,12,3.0,,15,12-35,105,,2400,2,,,1200,No,Laptop,FP5,,AMD Ryzen™ Processors,AMD Ryzen™ 5 Mobile Processors with Radeon™ Vega Graphics,Radeon™ Vega 8 Graphics,
AMD 3020e,2020,2,2,1.2,2.6,,,1,4,14,3.0,,6,,,DDR4,2400,2,,3,1000,,Laptop,,,AMD,AMD 3000 Series Mobile Processors with Radeon™ Graphics,AMD Radeon™ Graphics,
AMD Athlon™ Gold 3150U,2020,2,4,2.4,3.3,,192,1,4,14,,,15,12-25,95,DDR4,2400,2,,3,1000,,Laptop,FP5,,AMD Athlon™ Processors,AMD Athlon™ Mobile Processors with Radeon™ Graphics,AMD Radeon™ Graphics,
AMD Athlon™ Silver 3050e,2020,2,4,1.4,2.8,,,1,4,14,3.0,,6,,,DDR4,2400,2,,3,1000,,Laptop,,,AMD Athlon™ Processors,AMD Athlon™ Mobile Processors with Radeon™ Graphics,AMD Radeon™ Graphics,
AMD Athlon™ Silver 3050U,2020,2,2,2.3,3.2,,192,1,4,14,3.0,,15,12-25,95,DDR4,2400,2,,2,1100,,Laptop,FP5,,AMD Athlon™ Processors,AMD Athlon™ Mobile Processors with Radeon™ Graphics,AMD Radeon™ Graphics,
AMD Ryzen™ 3 3250U,2020,2,4,2.6,3.5,,192,1,4,14,3.0,,15,12-25,95,DDR4,2400,2,,3,1200,,Laptop,FP5,,AMD Ryzen™ Processors,AMD Ryzen™ 3 Mobile Processors with Radeon™ Graphics,AMD Radeon™ Graphics,
AMD Ryzen™ 3 4300U,2020,4,4,2.7,3.7,,,2,4,7,3.0,,15,10-25,105,LPDDR4,4266,,,5,1400,,Laptop,FP6,,AMD Ryzen™ Processors,AMD Ryzen™ 3 Mobile Processors with Radeon™ Graphics,AMD Radeon™ Graphics,
AMD Ryzen™ 5 4500U,2020,6,6,2.3,4,,,3,8,7,3.0,,15,10-25,105,LPDDR4,4266,,,6,1500,,Laptop,FP6,,AMD Ryzen™ Processors,AMD Ryzen™ 5 Mobile Processors with Radeon™ Graphics,AMD Radeon™ Graphics,
AMD Ryzen™ 5 4600H,2020,6,12,3,4,,,3,8,7,3.0,,45,35-54,105,LPDDR4,4266,,,6,1500,,Laptop,FP6,,AMD Ryzen™ Processors,AMD Ryzen™ 5 Mobile Processors with Radeon™ Graphics,AMD Radeon™ Graphics,
AMD Ryzen™ 5 4600U,2020,6,12,2.1,4,,,3,8,7,3.0,,15,10-25,105,LPDDR4,4266,,,6,1500,,Laptop,FP6,,AMD Ryzen™ Processors,AMD Ryzen™ 5 Mobile Processors with Radeon™ Graphics,AMD Radeon™ Graphics,
AMD Ryzen™ 7 4700U,2020,8,8,2,4.1,,,4,8,7,3.0,,15,10-25,105,LPDDR4,4266,,,7,1600,,Laptop,FP6,,AMD Ryzen™ Processors,AMD Ryzen™ 7 Mobile Processors with Radeon™ Graphics,AMD Radeon™ Graphics,
AMD Ryzen™ 7 4800H,2020,8,16,2.9,4.2,,,4,8,7,3.0,,45,35-54,105,LPDDR4,4266,,,7,1600,,Laptop,FP6,,AMD Ryzen™ Processors,AMD Ryzen™ 7 Mobile Processors with Radeon™ Graphics,AMD Radeon™ Graphics,
AMD Ryzen™ 7 4800U,2020,8,16,1.8,4.2,,,4,8,7,3.0,,15,10-25,105,LPDDR4,4266,,,8,1750,,Laptop,FP6,,AMD Ryzen™ Processors,AMD Ryzen™ 7 Mobile Processors with Radeon™ Graphics,AMD Radeon™ Graphics,
7th Gen AMD PRO A4-5350B APU,2020,2,,3,3.6,,,1,,28,3.0,,15,10-15,90,DDR4,2133,1,,3,847,No,Laptop,,,AMD PRO A-Series Processors,AMD PRO A-Series A4 APU for Laptops,AMD Radeon™ R5 Graphics,
7th Gen AMD PRO A6-8350B APU,2020,2,,3.1,3.7,,,1,,28,3.0,,15,10-15,90,DDR4,2133,1,,3,900,No,Laptop,,,AMD PRO A-Series Processors,AMD PRO A-Series A6 APU for Laptops,AMD Radeon™ R5 Graphics,
AMD Ryzen™ Threadripper™ 3960X,2019,24,48,3.8,4.5,,1536,12,128,7,4.0,,280,,95,DDR4,3200,4,,,,Yes,Desktop,sTRX4,,AMD Ryzen™ Processors,AMD Ryzen™ Threadripper™ Processors,,
AMD Ryzen™ Threadripper™ 3970X,2019,32,64,3.7,4.5,,2048,16,128,7,4.0,,280,,95,DDR4,3200,4,,,,Yes,Desktop,sTRX4,,AMD Ryzen™ Processors,AMD Ryzen™ Threadripper™ Processors,,
AMD Athlon™ PRO 300GE,2019,2,4,3.4,,,192,1,4,12,3.0,,35,,95,DDR4,2666,2,,3,1100,No,Desktop,AM4,,AMD Athlon™ PRO Processors,AMD Athlon™ PRO Desktop Processors with Radeon™ Vega Graphics,Radeon™ Vega 3 Graphics,
AMD Ryzen™ 3 PRO 3200G,2019,4,4,3.6,4,,384,2,4,12,3.0,,65,45-65,95,DDR4,2933,2,,8,1250,No,Desktop,AM4,,AMD Ryzen™ PRO Processors,AMD Ryzen™ 3 PRO Desktop Processors with Radeon™ Vega Graphics,Radeon™ Vega 8 Graphics,
AMD Ryzen™ 3 PRO 3200GE,2019,4,4,3.3,3.8,,384,2,4,12,3.0,,35,,95,DDR4,2933,2,,8,1200,No,Desktop,AM4,,AMD Ryzen™ PRO Processors,AMD Ryzen™ 3 PRO Desktop Processors with Radeon™ Vega Graphics,Radeon™ Vega 8 Graphics,
AMD Ryzen™ 5 PRO 3400G,2019,4,8,3.7,4.2,,384,2,4,12,3.0,,65,45-65,95,DDR4,2933,2,,11,1400,No,Desktop,AM4,,AMD Ryzen™ PRO Processors,AMD Ryzen™ 5 PRO Desktop Processors with Radeon™ Vega Graphics,Radeon™ Vega 11 Graphics,
AMD Ryzen™ 5 PRO 3400GE,2019,4,8,3.3,4,,384,2,4,12,3.0,,35,,95,DDR4,2933,2,,11,1300,No,Desktop,AM4,,AMD Ryzen™ PRO Processors,AMD Ryzen™ 5 PRO Desktop Processors with Radeon™ Vega Graphics,Radeon™ Vega 11 Graphics,
AMD Ryzen™ 5 PRO 3600,2019,6,12,3.6,4.2,,384,3,32,7,4.0,,65,,95,DDR4,3200,2,,,,No,Desktop,AM4,1P,AMD Ryzen™ PRO Processors,AMD Ryzen™ 5 PRO Desktop Processors,,
AMD Ryzen™ 7 PRO 3700,2019,8,16,3.6,4.4,,512,4,32,7,4.0,,65,,95,DDR4,3200,2,,,,No,Desktop,AM4,1P,AMD Ryzen™ PRO Processors,AMD Ryzen™ 7 PRO Desktop Processors,,
AMD Ryzen™ 9 PRO 3900,2019,12,24,3.1,4.3,,768,6,64,7,4.0,,65,,95,DDR4,3200,2,,,,No,Desktop,AM4,1P,AMD Ryzen™ PRO Processors,AMD Ryzen™ 9 PRO Desktop Processors,,
AMD Ryzen™ 9 3900,2019,12,24,3.1,4.3,,768,6,64,7,4.0,16,65,,95,DDR4,3200,2,,,,Yes,Desktop,AM4,,AMD Ryzen™ Processors,AMD Ryzen™ 9 Desktop Processors,,
AMD Athlon™ 300GE,2019,2,4,3.4,,,192,1,4,14,3.0,,35,,95,,2666,2,,3,1100,Yes,Desktop,AM4,,AMD Athlon™ Processors,AMD Athlon™ Desktop Processors with Radeon™ Vega Graphics,Radeon™ Vega 3 Graphics,
AMD Athlon™ 320GE,2019,2,4,3.5,,,192,1,4,14,3.0,,35,,95,DDR4,2666,2,,3,1100,Yes,Desktop,AM4,,AMD Athlon™ Processors,AMD Athlon™ Desktop Processors with Radeon™ Vega Graphics,Radeon™ Vega 3 Graphics,
AMD Ryzen™ 3 3200G with Radeon™ Vega 8 Graphics,2019,4,4,3.6,4,,384,2,4,12,3.0,8,65,45-65,95,DDR4,2933,2,,8,1250,Yes,Desktop,AM4,,AMD Ryzen™ Processors,AMD Ryzen™ 3 Desktop Processors with Radeon™ Vega Graphics,Radeon™ Vega 8 Graphics,Wraith Stealth
AMD Ryzen™ 3 3200GE (OEM Only),2019,4,4,3.3,3.8,,384,2,4,12,3.0,,35,,95,,2933,2,,8,1200,Yes,Desktop,AM4,,AMD Ryzen™ Processors,AMD Ryzen™ 3 Desktop Processors with Radeon™ Vega Graphics,Radeon™ Vega 8 Graphics,
AMD Ryzen™ 5 3400GE (OEM Only),2019,4,8,3.3,4,,384,2,4,12,3.0,,35,,95,,2933,2,,11,1300,Yes,Desktop,AM4,,AMD Ryzen™ Processors,AMD Ryzen™ 5 Desktop Processors with Radeon™ Vega Graphics,Radeon™ Vega 11 Graphics,
AMD Ryzen™ 5 3600,2019,6,12,3.6,4.2,,384,3,32,7,4.0,16,65,,95,DDR4,3200,2,,,,Yes,Desktop,AM4,,AMD Ryzen™ Processors,AMD Ryzen™ 5 Desktop Processors,,Wraith Stealth
AMD Ryzen™ 5 3600X,2019,6,12,3.8,4.4,,384,3,32,7,4.0,16,95,,95,DDR4,3200,2,,,,Yes,Desktop,AM4,,AMD Ryzen™ Processors,AMD Ryzen™ 5 Desktop Processors,,Wraith Spire
AMD Ryzen™ 7 3700X,2019,8,16,3.6,4.4,,512,4,32,7,4.0,16,65,,95,DDR4,3200,2,,,,Yes,Desktop,AM4,,AMD Ryzen™ Processors,AMD Ryzen™ 7 Desktop Processors,,Wraith Prism
AMD Ryzen™ 7 3800X,2019,8,16,3.9,4.5,,512,4,32,7,4.0,16,105,,95,DDR4,3200,2,,,,Yes,Desktop,AM4,,AMD Ryzen™ Processors,AMD Ryzen™ 7 Desktop Processors,,Wraith Prism
AMD Ryzen™ 9 3900X,2019,12,24,3.8,4.6,,768,6,64,7,4.0,16,105,,95,DDR4,3200,2,,,,Yes,Desktop,AM4,,AMD Ryzen™ Processors,AMD Ryzen™ 9 Desktop Processors,,Wraith Prism
AMD Ryzen™ 3 PRO 3300U,2019,4,4,2.1,3.5,,384,2,4,12,3.0,,15,12-25,95,,2400,2,,6,1200,No,Laptop,FP5,,AMD Ryzen™ PRO Processors,AMD Ryzen™ 3 PRO Mobile Processors with Radeon™ Vega Graphics,Radeon™ Vega 6 Graphics,
AMD Ryzen™ 5 PRO 3500U,2019,4,8,2.1,3.7,,384,2,4,12,3.0,,15,12-25,95,,2400,2,,8,1200,No,Laptop,FP5,,AMD Ryzen™ PRO Processors,AMD Ryzen™ 5 PRO Mobile Processors with Radeon™ Vega Graphics,Radeon™ Vega 8 Graphics,
AMD Ryzen™ 7 PRO 3700U,2019,4,8,2.3,4,,384,2,4,12,3.0,,15,12-25,95,,2400,2,,10,1400,No,Laptop,FP5,,AMD Ryzen™ PRO Processors,AMD Ryzen™ 7 PRO Mobile Processors with Radeon™ Vega Graphics,Radeon™ Vega 10 Graphics,
AMD Ryzen™ 3 3200U,2019,2,4,2.6,3.5,,192,1,4,14,3.0,,15,12-25,105,,2400,2,,3,1200,No,Laptop,FP5,,AMD Ryzen™ Processors,AMD Ryzen™ 3 Mobile Processors with Radeon™ Vega Graphics,Radeon™ Vega 3 Graphics,
AMD Ryzen™ 3 3300U,2019,4,4,2.1,3.5,,384,2,4,12,3.0,,15,12-35,105,,2400,2,,6,1200,No,Laptop,FP5,,AMD Ryzen™ Processors,AMD Ryzen™ 3 Mobile Processors with Radeon™ Vega Graphics,Radeon™ Vega 6 Graphics,
AMD Ryzen™ 3 3350U,2019,4,4,2.1,3.5,,348,2,4,12,3.0,,15,12-35,105,,2400,2,,6,1200,No,Laptop,FP5,,AMD Ryzen™ Processors,AMD Ryzen™ 3 Mobile Processors with Radeon™ Vega Graphics,Radeon™ Vega 6 Graphics,
AMD Ryzen™ 3 PRO 2300U,2019,4,4,2,3.4,,384,2,4,14,3.0,,15,12-25,95,DDR4,2400,2,,6,1100,No,Laptop,FP5,,AMD Ryzen™ PRO Processors,AMD Ryzen™ 3 PRO Mobile Processors with Radeon™ Vega Graphics,Radeon™ Vega 6 Graphics,
AMD Ryzen™ 5 3500U,2019,4,8,2.1,3.7,,384,2,4,12,3.0,,15,12-35,105,,2400,2,,8,1200,No,Laptop,FP5,,AMD Ryzen™ Processors,AMD Ryzen™ 5 Mobile Processors with Radeon™ Vega Graphics,Radeon™ Vega 8 Graphics,
AMD Ryzen™ 5 3550H,2019,4,8,2.1,3.7,,384,2,4,12,3.0,,35,12-35,105,,2400,2,,8,1200,No,Laptop,FP5,,AMD Ryzen™ Processors,AMD Ryzen™ 5 Mobile Processors with Radeon™ Vega Graphics,Radeon™ Vega 8 Graphics,
AMD Ryzen™ 5 PRO 2500U,2019,4,8,2,3.6,,384,2,4,14,3.0,,15,12-25,95,DDR4,2400,2,,8,1100,No,Laptop,FP5,,AMD Ryzen™ PRO Processors,AMD Ryzen™ 5 PRO Mobile Processors with Radeon™ Vega Graphics,Radeon™ Vega 8 Graphics,
AMD Ryzen™ 7 3700U,2019,4,8,2.3,4,,384,2,4,12,3.0,,15,12-35,105,DDR4,2400,2,,10,1400,No,Laptop,FP5,,AMD Ryzen™ Processors,AMD Ryzen™ 7 Mobile Processors with Radeon™ RX Vega Graphics,Radeon™ RX Vega 10 Graphics,
AMD Ryzen™ 7 3750H,2019,4,8,2.3,4,,384,2,4,12,3.0,,35,12-35,105,,2400,2,,10,1400,No,Laptop,FP5,,AMD Ryzen™ Processors,AMD Ryzen™ 7 Mobile Processors with Radeon™ RX Vega Graphics,Radeon™ RX Vega 10 Graphics,
AMD Ryzen™ 7 PRO 2700U,2019,4,8,2.2,3.8,,384,2,4,14,3.0,,15,12-25,95,DDR4,2400,2,,10,1300,No,Laptop,FP5,,AMD Ryzen™ PRO Processors,AMD Ryzen™ 7 PRO Mobile Processors with Radeon™ Vega Graphics,Radeon™ Vega 10 Graphics,
AMD Ryzen™ Threadripper™ 2920X,2018,12,24,3.5,4.3,,1152,6,32,12,3.0,,180,,68,DDR4,2933,4,,,,Yes,Desktop,sTR4,,AMD Ryzen™ Processors,AMD Ryzen™ Threadripper™ Processors,,
AMD Ryzen™ 3 2300X,2018,4,4,3.5,4,,384,2,8,12,3.0,,65,,95,DDR4,2933,2,,,,Yes,Desktop,AM4,,AMD Ryzen™ Processors,AMD Ryzen™ 3 Desktop Processors,,
AMD Ryzen™ 5 2500X,2018,4,8,3.6,4,,384,2,8,12,3.0,,65,,95,DDR4,2933,2,,,,Yes,Desktop,AM4,,AMD Ryzen™ Processors,AMD Ryzen™ 5 Desktop Processors,,
AMD Ryzen™ 5 2600H,2018,4,8,3.2,3.6,,192,2,4,14,3.0,,45,35-54,95,DDR4,3200,2,,8,1100,No,Laptop,FP5,,AMD Ryzen™ Processors,AMD Ryzen™ 5 Mobile Processors with Radeon™ Vega Graphics,Radeon™ Vega 8 Graphics,
AMD Ryzen™ 7 2800H,2018,4,8,3.3,3.8,,192,2,4,14,3.0,,45,35-54,95,DDR4,3200,2,,11,1300,No,Laptop,FP5,,AMD Ryzen™ Processors,AMD Ryzen™ 7 Mobile Processors with Radeon™ RX Vega Graphics,Radeon™ RX Vega 11 Graphics,
AMD Ryzen™ 5 2600E,2018,6,12,3.1,4,,578,3,16,12,3.0,,45,,95,DDR4,2666,2,,,,Yes,Desktop,AM4,,AMD Ryzen™ Processors,AMD Ryzen™ 5 Desktop Processors,,
AMD Ryzen™ 7 2700E,2018,8,16,2.8,4,,768,4,16,12,3.0,,45,,95,DDR4,2666,2,,,,Yes,Desktop,AM4,,AMD Ryzen™ Processors,AMD Ryzen™ 7 Desktop Processors,,
AMD Ryzen™ Threadripper™ 2950X,2018,16,32,3.5,4.4,,1536,8,32,12,3.0,,180,,68,DDR4,2933,4,,,,Yes,Desktop,sTR4,,AMD Ryzen™ Processors,AMD Ryzen™ Threadripper™ Processors,,
AMD Ryzen™ Threadripper™ 2990WX,2018,32,64,3,4.2,,3072,16,64,12,3.0,,250,,68,DDR4,2933,4,,,,Yes,Desktop,sTR4,,AMD Ryzen™ Processors,AMD Ryzen™ Threadripper™ Processors,,
AMD Ryzen™ Threadripper™ 2970WX,2018,24,48,3,4.2,,2304,12,64,12,3.0,,250,,68,DDR4,2933,4,,,,Yes,Desktop,sTR4,,AMD Ryzen™ Processors,AMD Ryzen™ Threadripper™ Processors,,
7th Gen A4-9125 APU,2018,2,,2.3,2.6,,,1,,28,3.0,,15,10-15,90,,2133,1,,2,686,No,Laptop,,,AMD A-Series Processors,AMD A4-Series APU for Laptops,AMD Radeon™ R3 Graphics,
7th Gen A6-9225 APU,2018,2,,2.6,3.1,,,1,,28,3.0,,15,10-15,90,DDR4,2133,1,,3,686,No,Laptop,,,AMD A-Series Processors,AMD A6-Series APU for Laptops,AMD Radeon™ R4 Graphics,
7th Gen A9-9425 APU,2018,2,,3.1,3.7,,,1,,28,3.0,,15,10-15,90,DDR4,2133,1,,3,900,No,Laptop,,,AMD A-Series Processors,AMD A9-Series APU for Laptops,AMD Radeon™ R5 Graphics,
7th Gen AMD PRO A4-4350B APU,2018,2,,2.5,2.9,,,1,,28,3.0,,15,,90,DDR4,2133,1,,3,655,No,Laptop,,,AMD PRO A-Series Processors,AMD PRO A-Series A4 APU for Laptops,AMD Radeon™ R4 Graphics,
AMD Ryzen™ 3 PRO 2200G with Radeon™ Vega 8 Graphics,2018,4,4,3.5,3.7,,384,2,4,14,3.0,,65,45-65,95,DDR4,2933,2,,8,1100,No,Desktop,AM4,,AMD Ryzen™ PRO Processors,AMD Ryzen™ 3 PRO Desktop Processors with Radeon™ Vega Graphics,Radeon™ Vega 8 Graphics,Wraith Stealth
AMD Ryzen™ 3 PRO 2200GE with Radeon™ Vega 8 Graphics,2018,4,4,3.2,3.6,,384,2,4,14,3.0,8,35,,95,DDR4,2933,2,,8,1100,No,Desktop,AM4,,AMD Ryzen™ PRO Processors,AMD Ryzen™ 3 PRO Desktop Processors with Radeon™ Vega Graphics,Radeon™ Vega 8 Graphics,
AMD Ryzen™ 5 PRO 2400G with Radeon™ Vega 11 Graphics,2018,4,8,3.6,3.9,,384,2,4,14,3.0,,65,45-65,95,DDR4,2933,2,,11,1250,No,Desktop,AM4,,AMD Ryzen™ PRO Processors,AMD Ryzen™ 5 PRO Desktop Processors with Radeon™ Vega Graphics,Radeon™ Vega 11 Graphics,Wraith Stealth
AMD Ryzen™ 5 PRO 2400GE with Radeon™ Vega 11 Graphics,2018,4,8,3.2,3.8,,384,2,4,14,3.0,8,35,,95,DDR4,2933,2,,11,1250,No,Desktop,AM4,,AMD Ryzen™ PRO Processors,AMD Ryzen™ 5 PRO Desktop Processors with Radeon™ Vega Graphics,Radeon™ Vega 11 Graphics,
AMD Ryzen™ 3 2200GE with Radeon™ Vega 8 Graphics,2018,4,4,3.2,3.6,,384,2,4,14,3.0,8,35,,95,DDR4,2933,2,,8,1100,Yes,Desktop,AM4,,AMD Ryzen™ Processors,AMD Ryzen™ 3 Desktop Processors with Radeon™ Vega Graphics,Radeon™ Vega 8 Graphics,
AMD Ryzen™ 5 2400GE with Radeon™ RX Vega 11 Graphics,2018,4,8,3.2,3.8,,384,2,4,14,3.0,8,35,,95,DDR4,2933,2,,11,1250,Yes,Desktop,AM4,,AMD Ryzen™ Processors,AMD Ryzen™ 5 Desktop Processors with Radeon™ Vega Graphics,Radeon™ RX Vega 11 Graphics,
AMD Ryzen™ 5 2600,2018,6,12,3.4,3.9,,576,3,16,12,3.0,16,65,,95,DDR4,2933,2,,,,Yes,Desktop,AM4,,AMD Ryzen™ Processors,AMD Ryzen™ 5 Desktop Processors,,Wraith Stealth
AMD Ryzen™ 5 2600X,2018,6,12,3.6,4.2,,576,3,16,12,3.0,16,95,,95,DDR4,2933,2,,,,Yes,Desktop,AM4,,AMD Ryzen™ Processors,AMD Ryzen™ 5 Desktop Processors,,Wraith Spire
AMD Ryzen™ 7 2700,2018,8,16,3.2,4.1,,768,4,16,12,3.0,16,65,,95,DDR4,2933,2,,,,Yes,Desktop,AM4,,AMD Ryzen™ Processors,AMD Ryzen™ 7 Desktop Processors,,Wraith Spire
AMD Ryzen™ 7 2700X,2018,8,16,3.7,4.3,,768,4,16,12,3.0,16,105,,85,DDR4,2933,2,,,,Yes,Desktop,AM4,,AMD Ryzen™ Processors,AMD Ryzen™ 7 Desktop Processors,,Wraith Prism
AMD Ryzen™ 3 2200G with Radeon™ Vega 8 Graphics,2018,4,4,3.5,3.7,,384,2,4,14,3.0,8,65,45-65,95,DDR4,2933,2,,8,1100,Yes,Desktop,AM4,,AMD Ryzen™ Processors,AMD Ryzen™ 3 Desktop Processors with Radeon™ Vega Graphics,Radeon™ Vega 8 Graphics,Wraith Stealth
AMD Ryzen™ 5 2400G with Radeon™ RX Vega 11 Graphics,2018,4,8,3.6,3.9,,384,2,4,14,3.0,8,65,45-65,95,DDR4,2933,2,,11,1250,Yes,Desktop,AM4,,AMD Ryzen™ Processors,AMD Ryzen™ 5 Desktop Processors with Radeon™ Vega Graphics,Radeon™ RX Vega 11 Graphics,Wraith Stealth
AMD Ryzen™ 3 2200U,2018,2,4,2.5,3.4,,384,1,4,14,3.0,,15,12-25,95,DDR4,2400,2,,3,1100,No,Laptop,FP5,,AMD Ryzen™ Processors,AMD Ryzen™ 3 Mobile Processors with Radeon™ Vega Graphics,Radeon™ Vega 3 Graphics,
AMD Ryzen™ 3 2300U,2018,4,4,2,3.4,,384,2,4,14,3.0,,15,12-25,95,DDR4,2400,2,,6,1100,No,Laptop,FP5,,AMD Ryzen™ Processors,AMD Ryzen™ 3 Mobile Processors with Radeon™ Vega Graphics,Radeon™ Vega 6 Graphics,
7th Gen AMD PRO A6-7350B APU,2018,2,,3,3.6,,,1,,28,3.0,,15,,90,DDR4,2133,1,,3,847,No,Laptop,,,AMD PRO A-Series Processors,AMD PRO A-Series A6 APU for Laptops,AMD Radeon™ R5 Graphics,
AMD Ryzen™ 5 2500U,2017,4,8,2,3.6,,384,2,4,14,3.0,,15,12-25,95,DDR4,2400,2,,8,1100,No,Laptop,FP5,,AMD Ryzen™ Processors,AMD Ryzen™ 5 Mobile Processors with Radeon™ Vega Graphics,Radeon™ Vega 8 Graphics,
AMD Ryzen™ 7 2700U,2017,4,8,2.2,3.8,,384,2,4,14,3.0,,15,12-25,95,DDR4,2400,2,,10,1300,No,Laptop,FP5,,AMD Ryzen™ Processors,AMD Ryzen™ 7 Mobile Processors with Radeon™ RX Vega Graphics,Radeon™ RX Vega 10 Graphics,
AMD Ryzen™ Threadripper™ 1900X,2017,8,16,3.8,4,,768,4,16,14,3.0,,180,,68,DDR4,2666,4,,,,Yes,Desktop,sTR4,,AMD Ryzen™ Processors,AMD Ryzen™ Threadripper™ Processors,,
AMD Ryzen™ Threadripper™ 1920X,2017,12,24,3.5,4,,1152,6,32,14,3.0,,180,,68,DDR4,2666,4,,,,Yes,Desktop,sTR4,,AMD Ryzen™ Processors,AMD Ryzen™ Threadripper™ Processors,,
AMD Ryzen™ Threadripper™ 1950X,2017,16,32,3.4,4,,1536,8,32,14,3.0,,180,,68,DDR4,2666,4,,,,Yes,Desktop,sTR4,,AMD Ryzen™ Processors,AMD Ryzen™ Threadripper™ Processors,,
7th Gen A6-9550 APU,2017,2,,3.8,4,,,1,,28,3.0,8,65,45-65,90,DDR4,2400,2,,6,1029,Yes,Desktop,AM4,,AMD A-Series Processors,AMD A6-Series APU for Desktops,Radeon™ R5 Series,
7th Gen AMD Athlon™ X4 940,2017,4,4,3.2,3.6,,,2,,28,3.0,,65,45-65,,DDR4,2400,,,,,Yes,Desktop,AM4,,AMD Athlon™ Processors,AMD Athlon™ X4,,
7th Gen AMD Athlon™ X4 950,2017,4,4,3.5,3.8,,,2,,28,3.0,,65,45-65,,DDR4,2400,,,,,Yes,Desktop,AM4,,AMD Athlon™ Processors,AMD Athlon™ X4,,
7th Gen AMD Athlon™ X4 970,2017,4,4,3.8,4,,,2,,28,3.0,,65,,,DDR4,2400,,,,,Yes,Desktop,AM4,,AMD Athlon™ Processors,AMD Athlon™ X4,,
AMD Ryzen™ 3 1200,2017,4,4,3.1,3.4,,384,2,8,14,3.0,16,65,,95,DDR4,2666,2,,,,Yes,Desktop,AM4,,AMD Ryzen™ Processors,AMD Ryzen™ 3 Desktop Processors,,Wraith Stealth
AMD Ryzen™ 3 1300X,2017,4,4,3.5,3.7,,384,2,8,14,3.0,16,65,,95,DDR4,2666,2,,,,Yes,Desktop,AM4,,AMD Ryzen™ Processors,AMD Ryzen™ 3 Desktop Processors,,Wraith Stealth
AMD Ryzen™ 3 PRO 1200,2017,4,4,3.1,3.4,,384,2,8,14,3.0,16,65,,95,DDR4,2666,2,,,,No,Desktop,AM4,,AMD Ryzen™ PRO Processors,AMD Ryzen™ 3 PRO Desktop Processors,,Wraith Spire
AMD Ryzen™ 3 PRO 1300,2017,4,4,3.5,3.7,,384,2,8,14,3.0,16,65,,95,DDR4,2666,2,,,,No,Desktop,AM4,,AMD Ryzen™ PRO Processors,AMD Ryzen™ 3 PRO Desktop Processors,,
AMD Ryzen™ 5 PRO 1500,2017,4,8,3.5,3.7,,384,2,16,14,3.0,16,65,,95,DDR4,2666,2,,,,No,Desktop,AM4,,AMD Ryzen™ PRO Processors,AMD Ryzen™ 5 PRO Desktop Processors,,
AMD Ryzen™ 5 PRO 1600,2017,6,12,3.2,3.6,,576,3,16,14,3.0,16,65,,95,DDR4,2666,2,,,,No,Desktop,AM4,,AMD Ryzen™ PRO Processors,AMD Ryzen™ 5 PRO Desktop Processors,,
AMD Ryzen™ 7 PRO 1700,2017,8,16,3,3.7,,768,4,16,14,3.0,16,65,,95,DDR4,2666,2,,,,No,Desktop,AM4,,AMD Ryzen™ PRO Processors,AMD Ryzen™ 7 PRO Desktop Processors,,
AMD Ryzen™ 7 PRO 1700X,2017,8,16,3.4,3.8,,,4,16,14,3.0,16,95,,95,DDR4,2666,2,,,,No,Desktop,AM4,,AMD Ryzen™ PRO Processors,AMD Ryzen™ 7 PRO Desktop Processors,,
AMD Ryzen™ 5 1400,2017,4,8,3.2,3.4,,384,2,8,14,3.0,16,65,,95,DDR4,2666,2,,,,Yes,Desktop,AM4,,AMD Ryzen™ Processors,AMD Ryzen™ 5 Desktop Processors,,Wraith Stealth
AMD Ryzen™ 5 1500X,2017,4,8,3.5,3.7,,384,2,16,14,3.0,16,65,,95,DDR4,2666,2,,,,Yes,Desktop,AM4,,AMD Ryzen™ Processors,AMD Ryzen™ 5 Desktop Processors,,Wraith Spire
AMD Ryzen™ 5 1600,2017,6,12,3.2,3.6,,576,3,16,14,3.0,16,65,,95,DDR4,2666,2,,,,Yes,Desktop,AM4,,AMD Ryzen™ Processors,AMD Ryzen™ 5 Desktop Processors,,Wraith Spire
AMD Ryzen™ 5 1600X,2017,6,12,3.6,4,,576,3,16,14,3.0,16,95,,95,DDR4,2666,2,,,,Yes,Desktop,AM4,,AMD Ryzen™ Processors,AMD Ryzen™ 5 Desktop Processors,,
AMD Ryzen™ 7 1700,2017,8,16,3,3.7,,768,4,16,14,3.0,16,65,,95,DDR4,2666,2,,,,Yes,Desktop,AM4,,AMD Ryzen™ Processors,AMD Ryzen™ 7 Desktop Processors,,Wraith Spire
AMD Ryzen™ 7 1700X,2017,8,16,3.4,3.8,,768,4,16,14,3.0,16,95,,95,DDR4,2666,2,,,,Yes,Desktop,AM4,,AMD Ryzen™ Processors,AMD Ryzen™ 7 Desktop Processors,,
AMD Ryzen™ 7 1800X,2017,8,16,3.6,4,,768,4,16,14,3.0,16,95,,95,DDR4,2666,2,,,,Yes,Desktop,AM4,,AMD Ryzen™ Processors,AMD Ryzen™ 7 Desktop Processors,,
7th Gen A4-9120 APU,2017,2,,2.2,2.5,,,1,,28,3.0,,15,10-15,90,DDR4,2133,,,2,655,No,Laptop,,,AMD A-Series Processors,AMD A4-Series APU for Laptops,AMD Radeon™ R3 Graphics,
7th Gen A6-9220 APU,2017,2,,2.5,2.9,,,1,,28,3.0,,15,10-15,90,DDR4,2133,,,3,655,No,Laptop,,,AMD A-Series Processors,AMD A6-Series APU for Laptops,AMD Radeon™ R5 Graphics,
7th Gen A9-9420 APU,2017,2,,3,3.6,,,1,,28,3.0,,15,10-15,90,DDR4,2133,,,3,847,No,Laptop,,,AMD A-Series Processors,AMD A9-Series APU for Laptops,AMD Radeon™ R5 Graphics,
7th Gen E2-9010 APU,2017,2,,0.2,2.2,,,1,,28,3.0,8,15,10-15,90,DDR4,1866,,,2,600,No,Laptop,,,AMD E-Series Processors,AMD E2-Series APU for Laptops,AMD Radeon™ R5 Graphics,
7th Gen AMD PRO A10-9700B APU,2016,4,,2.5,3.4,,,2,,28,,,15,12-15,90,DDR4,1866,2,,6,758,No,Laptop,FP4,,AMD PRO A-Series Processors,AMD PRO A-Series A10 APU for Laptops,R7,
7th Gen AMD PRO A10-9730B APU,2016,4,,2.8,3.5,,,2,,28,,,35,25-45,90,DDR4,2400,2,,6,900,No,Laptop,FP4,,AMD PRO A-Series Processors,AMD PRO A-Series A10 APU for Laptops,R7,
7th Gen AMD PRO A12-9800B APU,2016,4,,2.7,3.6,,,2,,28,,,15,12-15,90,DDR4,1866,2,,8,758,No,Laptop,FP4,,AMD PRO A-Series Processors,AMD PRO A-Series A12 APU for Laptops,R7,
7th Gen AMD PRO A12-9830B APU,2016,4,,3,3.7,,,2,,28,,,35,25-45,90,DDR4,2400,2,,8,900,No,Laptop,FP4,,AMD PRO A-Series Processors,AMD PRO A-Series A12 APU for Laptops,R7,
7th Gen AMD PRO A6-9500B APU,2016,2,,2.3,3.2,,,1,,28,,,15,12-15,90,DDR4,1866,2,,4,800,No,Laptop,FP4,,AMD PRO A-Series Processors,AMD PRO A-Series A6 APU for Laptops,R5,
7th Gen AMD PRO A8-9600B APU,2016,4,,2.4,3.3,,,2,,28,,,15,12-15,90,DDR4,1866,2,,6,720,No,Laptop,FP4,,AMD PRO A-Series Processors,AMD PRO A-Series A8 APU for Laptops,R5,
7th Gen AMD PRO A8-9630B,2016,4,,2.6,3.3,,,2,,28,,,35,25-45,90,DDR4,2400,2,,6,800,No,Laptop,FP4,,AMD PRO A-Series Processors,AMD PRO A-Series A8 APU for Laptops,R5,
7th Gen AMD PRO A10-9700 APU,2016,4,,3.5,3.8,,,2,,28,3.0,,65,45-65,90,DDR4,2400,2,,6,1029,No,Desktop,AM4,,AMD PRO A-Series Processors,AMD PRO A-Series A10 APU for Desktops,R7,
7th Gen AMD PRO A10-9700E APU,2016,4,,3,3.5,,,2,,28,3.0,,35,,90,DDR4,2400,2,,6,847,No,Desktop,AM4,,AMD PRO A-Series Processors,AMD PRO A-Series A10 APU for Desktops,R7,
7th Gen AMD PRO A12-9800 APU,2016,4,,3.8,4.2,,,2,,28,3.0,,65,,90,DDR4,2400,2,,8,1108,No,Desktop,AM4,,AMD PRO A-Series Processors,AMD PRO A-Series A12 APU for Desktops,R7,
7th Gen AMD PRO A12-9800E APU,2016,4,,3.1,3.8,,,2,,28,3.0,,35,,90,DDR4,2400,2,,8,900,No,Desktop,AM4,,AMD PRO A-Series Processors,AMD PRO A-Series A12 APU for Desktops,R7,
7th Gen AMD PRO A6-9500 APU,2016,2,,3.5,3.8,,,1,,28,3.0,,65,45-65,90,DDR4,2400,2,,6,1029,No,Desktop,AM4,,AMD PRO A-Series Processors,AMD PRO A-Series A6 APU for Desktops,R5,
7th Gen AMD PRO A6-9500E APU,2016,2,,3,3.4,,,1,,28,3.0,,35,,90,DDR4,2400,2,,4,800,No,Desktop,AM4,,AMD PRO A-Series Processors,AMD PRO A-Series A6 APU for Desktops,R5,
7th Gen AMD PRO A8-9600 APU,2016,4,,3.1,3.4,,,2,,28,3.0,,65,45-65,90,DDR4,2400,2,,6,900,No,Desktop,AM4,,AMD PRO A-Series Processors,AMD PRO A-Series A8 APU for Desktops,R7,
7th Gen A10-9700 APU,2016,4,,3.5,3.8,,,2,,28,3.0,8,65,45-65,90,DDR4,2400,2,,6,1029,Yes,Desktop,AM4,,AMD A-Series Processors,AMD A10-Series APU for Desktops,Radeon™ R7 Series,
7th Gen A10-9700E APU,2016,4,,3,3.5,,,2,,28,3.0,8,35,,90,DDR4,2400,3,,6,847,Yes,Desktop,AM4,,AMD A-Series Processors,AMD A10-Series APU for Desktops,Radeon™ R7 Series,
7th Gen A12-9800E APU,2016,4,,3.1,3.8,,,2,,28,3.0,8,35,,90,DDR4,2400,2,,8,900,Yes,Desktop,AM4,,AMD A-Series Processors,AMD A12-Series APU for Desktops,Radeon™ R7 Series,
7th Gen A6-9500 APU,2016,2,,3.5,3.8,,,1,,28,3.0,8,65,45-65,90,DDR4,2400,2,,6,1029,Yes,Desktop,AM4,,AMD A-Series Processors,AMD A6-Series APU for Desktops,Radeon™ R5 Series,
7th Gen A6-9500E APU,2016,2,,3,3.4,,,1,,28,3.0,8,35,,90,DDR4,2400,2,,4,800,Yes,Desktop,AM4,,AMD A-Series Processors,AMD A6-Series APU for Desktops,Radeon™ R5 Series,
7th Gen A8-9600 APU,2016,4,,3.1,3.4,,,2,,28,3.0,8,65,45-65,90,DDR4,2400,2,,6,900,Yes,Desktop,AM4,,AMD A-Series Processors,AMD A8-Series APU for Desktops,Radeon™ R7 Series,
6th Gen AMD PRO A10-8770E APU,2016,4,,2.8,3.5,,,2,,28,3.0,,35,,,DDR4,2400,2,,6,847,No,Desktop,AM4,,AMD PRO A-Series Processors,AMD PRO A-Series A10 APU for Desktops,R7,
6th Gen AMD PRO A10-8770 APU,2016,4,,3.5,3.8,,,2,,28,3.0,,65,,,DDR4,2400,2,,6,1029,No,Desktop,AM4,,AMD PRO A-Series Processors,AMD PRO A-Series A10 APU for Desktops,R7,
6th Gen AMD PRO A12-8870 APU,2016,4,,3.7,4.2,,,2,,28,3.0,,65,,,DDR4,2400,2,,8,1108,No,Desktop,AM4,,AMD PRO A-Series Processors,AMD PRO A-Series A12 APU for Desktops,R7,
7th Gen A12-9730P APU,2016,4,,2.8,3.5,,,2,,28,,,35,25-45,90,DDR4,2400,2,,6,900,No,Laptop,FP4,,AMD A-Series Processors,AMD A12-Series APU for Laptops,AMD Radeon™ R7 Graphics,
7th Gen A12-9800 APU,2016,4,,3.8,4.2,,,2,,28,3.0,8,65,,90,DDR4,2400,2,,8,1108,Yes,Desktop,AM4,,AMD A-Series Processors,AMD A12-Series APU for Desktops,Radeon™ R7 Series,
6th Gen AMD PRO A10-8730B APU,2016,4,,2.4,3.3,,,2,,28,,,15,12-15,,DDR4,1866,,,6,720,No,Laptop,FP4,,AMD PRO A-Series Processors,AMD PRO A-Series A10 APU for Laptops,R5,
6th Gen AMD PRO A12-8830B APU,2016,4,,2.5,3.4,,,2,,28,,,15,12-15,,DDR4,1866,,,6,758,No,Laptop,FP4,,AMD PRO A-Series Processors,AMD PRO A-Series A12 APU for Laptops,R7,
6th Gen AMD PRO A6-8530B APU,2016,2,,2.3,3.2,,,1,,28,,,15,12-15,,DDR4,1866,,,4,800,No,Laptop,FP4,,AMD PRO A-Series Processors,AMD PRO A-Series A6 APU for Laptops,R5,
A4 PRO-3350B with Radeon™ R4 Graphics,2016,4,4,2,2.4,,,2,,28,,,15,,90,DDR3,1600,1,,2,800,No,Laptop,FT3b,,AMD PRO A-Series Processors,AMD PRO A-Series A4 APU for Laptops,AMD Radeon™ R4 Graphics,
7th Gen FX™ 9800P APU,2016,4,,2.7,3.6,,,2,,28,,,15,12-15,90,DDR4,1866,2,,8,758,No,Laptop,FP4,,AMD FX-Series Processors,AMD FX-Series Processors for Laptops,AMD Radeon™ R7 Graphics,
7th Gen FX™ 9830P APU,2016,4,,3,3.7,,,2,,28,,,35,25-45,90,DDR4,2400,2,,8,900,No,Laptop,FP4,,AMD FX-Series Processors,AMD FX-Series Processors for Laptops,AMD Radeon™ R7 Graphics,
7th Gen A6-9210 APU,2016,2,,2.4,2.8,,,1,,28,,,15,,90,DDR4,2133,1,,3,600,No,Laptop,,,AMD A-Series Processors,AMD A6-Series APU for Laptops,AMD Radeon™ R4 Graphics,
7th Gen A9-9410 APU,2016,2,,2.9,3.5,,,1,,28,,,25,,90,DDR4,2133,1,,3,800,No,Laptop,,,AMD A-Series Processors,AMD A9-Series APU for Laptops,AMD Radeon™ R5 Graphics,
7th Gen A10-9600P APU,2016,4,,2.4,3.3,,,2,,28,,,15,12-15,90,DDR4,1866,2,,6,720,No,Laptop,FP4,,AMD A-Series Processors,AMD A10-Series APU for Laptops,AMD Radeon™ R5 Graphics,
7th Gen A10-9630P APU,2016,4,,2.6,3.3,,,2,,28,,,35,25-45,90,DDR4,2400,2,,6,800,No,Laptop,FP4,,AMD A-Series Processors,AMD A10-Series APU for Laptops,AMD Radeon™ R5 Graphics,
7th Gen A12-9700P APU,2016,4,,2.5,3.4,,,2,,28,,,15,12-15,90,DDR4,1866,2,,6,758,No,Laptop,FP4,,AMD A-Series Processors,AMD A12-Series APU for Laptops,AMD Radeon™ R7 Graphics,
460,,3,3,3.4,,,384,1.5,,,,,95,,75,DDR3,,,,,,No,Desktop,AM3,,AMD Athlon™ Processors,AMD Athlon™ II X3,,
555,,2,2,3.2,,,,1,,,,,80,,,,,,,,,Yes,Desktop,AM3,,AMD Phenom™,AMD Phenom™ II X2 Black,,
565,,2,2,3.4,,,256,1,6,,,,80,,70,DDR3,,,,,,Yes,Desktop,AM3,,AMD Phenom™,AMD Phenom™ II X2,,
565,,2,2,3.4,,,0,1,,45,,,80,,,,,,,,,Yes,Desktop,AM3,,AMD Phenom™,AMD Phenom™ II X2 Black,,
570,,2,2,4,,,,,6,,,,80,,,DDR3,,,,,,Yes,Desktop,AM3,,AMD Phenom™,AMD Phenom™ II X2 Black,,
631,,4,4,2.6,,,,4,,32,,,100,,70.1,,,,,,,No,Desktop,FM1 uPGA,,AMD Athlon™ Processors,AMD Athlon™ II X4,,
631,,4,4,2.6,,,,4,,32,,,65,,,,,,,,,No,Desktop,FM1 uPGA,,AMD Athlon™ Processors,AMD Athlon™ II X4,,
638,,4,4,2.7,,,512,4,,32,,,65,,70.1,,,,,,,No,Desktop,FM1 uPGA,,AMD Athlon™ Processors,AMD Athlon™ II X4,,
641,,4,4,2.8,,,512,4,,32,,,100,,70.1,,,,,,,No,Desktop,FM1 uPGA,,AMD Athlon™ Processors,AMD Athlon™ II X4,,
740,,4,4,3.2,3.7,,,4,,32,,,65,,,,,,,,,No,Desktop,FM2,,AMD Athlon™ Processors,AMD Athlon™ X4,,
750,,4,,3.4,4,,192,4,,,,,65,,71.3,DDR3,1866,2,,,,No,Desktop,FM2,,AMD Athlon™ Processors,AMD Athlon™ X4,,
840,,4,4,3.2,,,512,2,,,,,95,,71,DDR3,,,,,,No,Desktop,AM3,,AMD Phenom™,AMD Phenom™ II X4,,
850,,4,4,3.3,,,512,2,,,,,95,,,,,,,,,No,Desktop,AM3,,AMD Phenom™,AMD Phenom™ II X4,,
965,,4,4,3.4,,,,2,,,,,80,,,,,,,,,Yes,Desktop,AM3,,AMD Phenom™,AMD Phenom™ II X4 Black,,
975,,4,4,3.6,,,512,2,6,45,,,125,,62,DDR3,,,,,,Yes,Desktop,AM3,,AMD Phenom™,AMD Phenom™ II X4 Black,,
980,,4,4,3.7,,,512,2,6,,,,125,,,DDR3,,,,,,Yes,Desktop,AM3,,AMD Phenom™,AMD Phenom™ II X4 Black,,
3280,,8,8,2.4,3.4,,384,8,8,32,,,65,,61.1,DDR3,2000,,,,,No,Server,AM3+,,AMD Opteron™,AMD Opteron™ 3200 Series Processor,,
3365,,8,8,2.3,3.3,,384,8,8,32,,,65,,70.3,DDR3,2000,,,,,No,Server,AM3+,,AMD Opteron™,AMD Opteron™ 3300 Series Processor,,
3380,,8,8,2.6,3.6,,384,8,8,32,,,65,,70.3,DDR3,2000,,,,,No,Server,AM3+,,AMD Opteron™,AMD Opteron™ 3300 Series Processor,,
4226,,6,6,2.7,3.1,,288,6,8,32,,,95,,70.5,DDR3,2000,,,,,No,Server,C32,,AMD Opteron™,AMD Opteron™ 4200 Series Processor,,
4234,,6,6,3.1,3.5,,288,6,8,32,,,95,,70.5,DDR3,2200,,,,,No,Server,C32,,AMD Opteron™,AMD Opteron™ 4200 Series Processor,,
4238,,6,6,3.3,3.7,,288,6,8,32,,,95,,70.5,DDR3,2200,,,,,No,Server,C32,,AMD Opteron™,AMD Opteron™ 4200 Series Processor,,
4240,,6,6,3.4,3.8,,288,6,8,32,,,95,,70.5,DDR3,,,,,,No,Server,C32,,AMD Opteron™,AMD Opteron™ 4200 Series Processor,,
4280,,8,8,2.8,2.2,,384,8,8,32,,,95,,70.5,DDR3,2200,,,,,No,Server,C32,,AMD Opteron™,AMD Opteron™ 4200 Series Processor,,
4284,,8,8,3,3.7,,384,8,8,32,,,95,,70.5,DDR3,2200,,,,,No,Server,C32,,AMD Opteron™,AMD Opteron™ 4200 Series Processor,,
4334,,6,6,3.1,3.5,,288,6,8,32,,,95,,67.7,DDR3,2000,,,,,No,Server,C32,,AMD Opteron™,AMD Opteron™ 4300 Series Processor,,
4340,,6,6,3.5,3.8,,288,6,8,32,,,95,,67.7,DDR3,2200,,,,,No,Server,C32,,AMD Opteron™,AMD Opteron™ 4300 Series Processor,,
4365,,8,8,2,2.8,,384,8,8,32,,,40,,70,DDR3,1600,,,,,No,Server,C32,,AMD Opteron™,AMD Opteron™ 4300 Series Processor,,
4386,,8,8,3.1,3.8,,384,8,8,32,,,95,,70.5,DDR3,2200,,,,,No,Server,C32,,AMD Opteron™,AMD Opteron™ 4300 Series Processor,,
6140,,8,8,2.6,,,1024,4,12,,,,115,,69,DDR3,1800,,,,,No,Server,G34,,AMD Opteron™,AMD Opteron™ 6100 Series Processor,,
6176,,12,12,2.3,,,1536,6,12,,,,115,,69,DDR3,1800,,,,,No,Server,G34,,AMD Opteron™,AMD Opteron™ 6100 Series Processor,,
6204,,4,4,3.3,,,512,4,16,32,,,115,,74.4,DDR3,2000,,,,,No,Server,G34,,AMD Opteron™,AMD Opteron™ 6200 Series Processor,,
6212,,8,8,2.6,3.2,,384,8,16,32,,,115,,71.7,DDR3,2000,,,,,No,Server,G34,,AMD Opteron™,AMD Opteron™ 6200 Series Processor,,
6220,,8,8,3,3.6,,384,8,16,32,,,115,,71.7,DDR3,2000,,,,,No,Server,G34,,AMD Opteron™,AMD Opteron™ 6200 Series Processor,,
6234,,12,12,2.4,3,,576,12,16,32,,,115,,70.4,DDR3,2000,,,,,No,Server,G34,,AMD Opteron™,AMD Opteron™ 6200 Series Processor,,
6238,,12,12,2.6,3.2,,576,12,16,32,,,115,,70.4,DDR3,2000,,,,,No,Server,G34,,AMD Opteron™,AMD Opteron™ 6200 Series Processor,,
6272,,16,16,2.1,3,,768,16,16,32,,,115,,69,DDR3,2000,,,,,No,Server,G34,,AMD Opteron™,AMD Opteron™ 6200 Series Processor,,
6274,,16,16,2.2,3.1,,768,16,16,32,,,115,,69,DDR3,2000,,,,,No,Server,G34,,AMD Opteron™,AMD Opteron™ 6200 Series Processor,,
6276,,16,16,2.3,3.2,,768,16,16,32,,,115,,69,DDR3,2000,,,,,No,Server,G34,,AMD Opteron™,AMD Opteron™ 6200 Series Processor,,
6278,,16,16,2.4,3.3,,768,16,16,32,,,115,,69,DDR3,2000,,,,,No,Server,G34,,AMD Opteron™,AMD Opteron™ 6200 Series Processor,,
6308,,4,4,3.5,,,192,4,16,32,,,115,,74.4,DDR3,2000,,,,,No,Server,G34,,AMD Opteron™,AMD Opteron™ 6300 Series Processor,,
6320,,8,8,2.8,3.3,,384,8,16,32,,,115,,71.7,DDR3,2000,,,,,No,Server,G34,,AMD Opteron™,AMD Opteron™ 6300 Series Processor,,
6328,,8,8,3.2,3.8,,384,8,16,32,,,115,,71.7,DDR3,2000,,,,,No,Server,G34,,AMD Opteron™,AMD Opteron™ 6300 Series Processor,,
6344,,12,12,2.6,2,,576,12,16,32,,,115,,70.4,DDR3,2000,,,,,No,Server,G34,,AMD Opteron™,AMD Opteron™ 6300 Series Processor,,
6348,,12,12,2.8,3.4,,576,12,16,32,,,115,,70.4,DDR3,2000,,,,,No,Server,G34,,AMD Opteron™,AMD Opteron™ 6300 Series Processor,,
6376,,16,16,2.3,2,,768,16,16,32,,,115,,69,DDR3,2000,,,,,No,Server,G34,,AMD Opteron™,AMD Opteron™ 6300 Series Processor,,
6378,,16,16,2.4,3.3,,768,16,16,32,,,115,,69,DDR3,2000,,,,,No,Server,G34,,AMD Opteron™,AMD Opteron™ 6300 Series Processor,,
6380,,16,16,2.5,3.4,,768,16,16,32,,,115,,69,DDR3,2000,,,,,No,Server,G34,,AMD Opteron™,AMD Opteron™ 6300 Series Processor,,
1045T,,,,2.7,3.2,,768,3,6,,,,95,,71,,,,,,,No,Desktop,AM3,,AMD Phenom™,AMD Phenom™ II X6,,
1075T,,6,6,3.5,,,768,3,6,,,,95,,,DDR3,,,,,,No,Desktop,AM3,,AMD Phenom™,AMD Phenom™ II X6,,
255e,,2,2,3.1,,,256,2,,,,,45,,72,DDR3,,,,,,No,Desktop,AM3,,AMD Athlon™ Processors,AMD Athlon™ II X2,,
2800+,,,,0.056,,,,,,65,,,45,,70,,,,,,,No,Desktop,939,,AMD Sempron™,AMD Sempron™,,
3250 HE,,,,2.5,3.5,,192,4,4,32,,,45,,,DDR3,2000,,,,,No,Server,AM3+,,AMD Opteron™,AMD Opteron™ 3200 Series Processor,,
3260 HE,,4,4,2.7,3.7,,192,4,4,32,,,45,,61.1,DDR3,2000,,,,,No,Server,AM3+,,AMD Opteron™,AMD Opteron™ 3200 Series Processor,,
3320 EE,,4,4,1.9,2.5,,192,4,8,32,,,25,,70,DDR3,1400,,,,,No,Server,AM3+,,AMD Opteron™,AMD Opteron™ 3300 Series Processor,,
3350 HE,,4,4,2.8,3.8,,192,4,8,32,,,45,,69.1,DDR3,2000,,,,,No,Server,AM3+,,AMD Opteron™,AMD Opteron™ 3300 Series Processor,,
4228 HE,,6,6,2.8,3.6,,288,6,8,32,,,65,,68,DDR3,2000,,,,,No,Server,C32,,AMD Opteron™,AMD Opteron™ 4200 Series Processor,,
4230 HE,,6,6,2.9,3.7,,288,6,8,32,,,65,,68,DDR3,2000,,,,,No,Server,C32,,AMD Opteron™,AMD Opteron™ 4200 Series Processor,,
4256 EE,,8,8,1.6,2.8,,384,8,8,32,,,35,,64,DDR3,1600,,,,,No,Server,C32,,AMD Opteron™,AMD Opteron™ 4200 Series Processor,,
425e,,3,3,2.7,,,384,1.5,,,,,45,,,DDR3,,,,,,No,Desktop,AM3,,AMD Athlon™ Processors,AMD Athlon™ II X3,,
4274 HE,,8,8,2.5,3.5,,384,8,8,32,,,65,,68,DDR3,2000,,,,,No,Server,C32,,AMD Opteron™,AMD Opteron™ 4200 Series Processor,,
4276 HE,,8,8,2.6,3.6,,384,8,8,32,,,65,,68,DDR3,2000,,,,,No,Server,C32,,AMD Opteron™,AMD Opteron™ 4200 Series Processor,,
4310 EE,,6,6,2.2,3,,192,4,8,32,,,35,,85,DDR3,1600,,,,,No,Server,C32,,AMD Opteron™,AMD Opteron™ 4300 Series Processor,,
4332 HE,,6,6,3,3.7,,288,6,8,32,,,65,,68,DDR3,2000,,,,,No,Server,C32,,AMD Opteron™,AMD Opteron™ 4300 Series Processor,,
4376 HE,,8,8,2.6,3.6,,384,8,8,32,,,65,,68,DDR3,2000,,,,,No,Server,C32,,AMD Opteron™,AMD Opteron™ 4300 Series Processor,,
6132 HE,,8,8,2.2,,,1024,4,12,,,,85,,66,DDR3,1800,,,,,No,Server,G34,,AMD Opteron™,AMD Opteron™ 6100 Series Processor,,
6166 HE,,12,12,1.8,,,1536,6,12,,,,85,,69,DDR3,1800,,,,,No,Server,G34,,AMD Opteron™,AMD Opteron™ 6100 Series Processor,,
6180 SE,,12,12,2.5,,,1536,6,12,,,,140,,64,DDR3,1800,,,,,No,Server,G34,,AMD Opteron™,AMD Opteron™ 6100 Series Processor,,
620e,,4,4,2.7,,,,,,,,,45,,,DDR3,,,,,,No,Desktop,AM3,,AMD Athlon™ Processors,AMD Athlon™ II X4,,
6262 HE,,16,16,1.6,2.9,,768,16,16,32,,,85,,65,DDR3,1800,,,,,No,Server,G34,,AMD Opteron™,AMD Opteron™ 6200 Series Processor,,
6282 SE,,16,16,2.6,3.3,,768,16,16,32,,,140,,64.4,DDR3,2000,,,,,No,Server,G34,,AMD Opteron™,AMD Opteron™ 6200 Series Processor,,
6284 SE,,16,16,2.7,3.4,,768,16,16,32,,,140,,64.4,DDR3,2000,,,,,No,Server,G34,,AMD Opteron™,AMD Opteron™ 6200 Series Processor,,
6338P,,12,12,2.3,2.8,,48,12,16,32,,,99,,69,DDR3,2000,,,,,No,Server,G34,,AMD Opteron™,AMD Opteron™ 6300 Series Processor,,
6366 HE,,16,16,1.8,3.1,,768,16,16,32,,,85,,65,DDR3,1800,,,,,No,Server,G34,,AMD Opteron™,AMD Opteron™ 6300 Series Processor,,
6370P,,16,16,2,2.5,,48,16,16,32,,,99,,69,DDR3,2000,,,,,No,Server,G34,,AMD Opteron™,AMD Opteron™ 6300 Series Processor,,
6386 SE,,16,16,2.8,3.5,,48,16,16,32,,,140,,64.4,DDR3,2000,,,,,No,Server,G34,,AMD Opteron™,AMD Opteron™ 6300 Series Processor,,
6th Gen A10-8700P APU,,4,4,1.8,3.2,,,2,,28,,,15,,90,DDR3,2133,2,,6,800,No,Laptop,FP4,,AMD A-Series Processors,AMD A10-Series APU for Laptops,AMD Radeon™ R6 Graphics,
6th Gen A8-8600P APU,,4,4,1.6,3,,,2,,28,,,15,,90,DDR3,2133,2,,6,720,No,Laptop,FP4,,AMD A-Series Processors,AMD A8-Series APU for Laptops,AMD Radeon™ R6 Graphics,
6th Gen AMD PRO A10-8700B APU,,4,4,1.8,3.2,,,2,,28,,,15,,,DDR3L,2133,2,,6,800,No,Laptop,FP4,,AMD PRO A-Series Processors,AMD PRO A-Series A10 APU for Laptops,AMD Radeon™ R6 Graphics,
6th Gen AMD PRO A10-8750B APU,,4,4,3.6,4,,,4,,28,,,65,45-65,71.3,DDR3,2133,2,,8,757,No,Desktop,FM2+,,AMD PRO A-Series Processors,AMD PRO A-Series A10 APU for Desktops,AMD Radeon™ R7 Graphics,
6th Gen AMD PRO A10-8850B APU,,4,4,3.9,4.1,,,4,,28,,,95,,72.4,DDR3,2133,2,,8,800,No,Desktop,FM2+,,AMD PRO A-Series Processors,AMD PRO A-Series A10 APU for Desktops,AMD Radeon™ R7 Graphics,
6th Gen AMD PRO A12-8800B APU,,4,4,2.1,3.4,,,2,,28,,,15,,,DDR3L,2133,2,,8,800,No,Laptop,FP4,,AMD PRO A-Series Processors,AMD PRO A-Series A12 APU for Laptops,AMD Radeon™ R7 Graphics,
6th Gen AMD PRO A12-8870E APU,,4,,2.9,3.8,,,2,,28,3.0,,35,,,DDR4,2400,2,,8,900,No,Desktop,AM4,,AMD PRO A-Series Processors,AMD PRO A-Series A12 APU for Desktops,R7,
6th Gen AMD PRO A4-8350B APU,,2,2,3.5,3.9,,,1,,28,,,65,45-65,71.3,DDR3,1866,2,,4,757,No,Desktop,FM2+,,AMD PRO A-Series Processors,AMD PRO A-Series A4 APU for Desktops,AMD Radeon™ R5 Graphics,
6th Gen AMD PRO A6-8500B APU,,2,4,1.6,3,,,1,,28,,,15,,,DDR3L,1600,2,,4,800,No,Laptop,FP4,,AMD PRO A-Series Processors,AMD PRO A-Series A6 APU for Laptops,AMD Radeon™ R5 Graphics,
6th Gen AMD PRO A6-8550B APU,,2,2,3.7,4,,,1,,28,,,65,45-65,71.3,DDR3,2133,2,,4,800,No,Desktop,FM2+,,AMD PRO A-Series Processors,AMD PRO A-Series A6 APU for Desktops,AMD Radeon™ R5 Graphics,
6th Gen AMD PRO A6-8570 APU,,2,,3.5,3.8,,,1,,28,3.0,,65,,,DDR4,2400,2,,6,1029,No,Desktop,AM4,,AMD PRO A-Series Processors,AMD PRO A-Series A6 APU for Desktops,R5,
6th Gen AMD PRO A6-8570E APU,,2,,3,3.4,,,1,,28,3.0,,35,,,DDR4,2400,2,,4,800,No,Desktop,AM4,,AMD PRO A-Series Processors,AMD PRO A-Series A6 APU for Desktops,R5,
6th Gen AMD PRO A8-8600B APU,,4,4,1.6,3,,,2,,28,,,15,,,DDR3L,2133,2,,6,720,No,Laptop,FP4,,AMD PRO A-Series Processors,AMD PRO A-Series A8 APU for Laptops,AMD Radeon™ R6 Graphics,
6th Gen AMD PRO A8-8650B APU,,4,4,3.2,3.9,,,4,,28,,,65,45-65,71.3,DDR3,2133,2,,6,757,No,Desktop,FM2+,,AMD PRO A-Series Processors,AMD PRO A-Series A8 APU for Desktops,AMD Radeon™ R7 Graphics,
6th Gen FX-8800P APU,,4,4,2.1,3.4,,,2,,28,,,15,,90,DDR3,2133,2,,8,800,No,Laptop,FP4,,AMD FX-Series Processors,AMD FX-Series Processors for Laptops,AMD Radeon™ R7 Graphics,
750K,,4,4,3.4,4,,,4,,32,,,100,,,,,,,,,No,Desktop,FM2,,AMD Athlon™ Processors,AMD Athlon™ X4,,
760K,,4,4,3.8,4.1,,,4,,32,,,100,,,,,,,,,Yes,Desktop,FM2,,AMD Athlon™ Processors,AMD Athlon™ X4,,
7th Gen A4-9120C APU,,2,2,1.6,2.4,,160,1,,28,,,6,,90,,1866,1,,3,600,No,Laptop,FT4,,AMD A-Series Processors,AMD A4-Series APU for Laptops,Radeon™ R4 Graphics,
7th Gen A6-9220C APU,,2,2,1.8,2.7,,160,1,,28,,,6,,90,,1866,1,,3,720,No,Laptop,FT4,,AMD A-Series Processors,AMD A6-Series APU for Laptops,Radeon™ R5 Graphics,
845 with Near Silent Thermal Solution,,4,4,3.5,3.8,,,2,,28,3.0,,,,71.3,DDR3,2133,2,,,,No,Desktop,FM2+,,AMD Athlon™ Processors,AMD Athlon™ X4,,Near Silent 95W
860K,,4,4,3.7,4,,128,4,,28,3.0,,95,,72.4,DDR3,2133,2,,,,Yes,Desktop,FM2+,,AMD Athlon™ Processors,AMD Athlon™ X4,,
860K with Near Silent Thermal Solution,,4,4,3.7,4,,128,4,,28,3.0,,95,,72.4,DDR3,2133,2,,,,Yes,Desktop,FM2+,,AMD Athlon™ Processors,AMD Athlon™ X4,,Near Silent 95W
870K with Near Silent Thermal Solution,,4,4,3.9,4.1,,128,4,,28,3.0,,95,,72.4,DDR3,2133,2,,,,Yes,Desktop,FM2+,,AMD Athlon™ Processors,AMD Athlon™ X4,,Near Silent 95W
880K with Near Silent Thermal Solution,,4,,4,4.2,,256,4,,28,,,95,,72.4,DDR3,2133,2,,,,Yes,Desktop,FM2+,,AMD Athlon™ Processors,AMD Athlon™ X4,,Near Silent 125W
960T,,4,4,3,3.4,,512,0.5,,,,,95,,71,,,,,,,Yes,Desktop,AM3,,AMD Phenom™,AMD Phenom™ II X4 Black,,
A10 Micro-6700T with Radeon™ R6 Graphics,,4,4,2.2,,,,2,,28,,,4.5,,,DDR3L,1333,1,,,,No,Laptop,FT3b,,AMD A-Series Processors,AMD A10-Series APU for Laptops,AMD Radeon™ R6 Graphics,
A10 PRO-7350B with Radeon™ R6 Graphics,,4,4,2.1,3.3,,,4,,28,,,19,,,DDR3L,1600,2,,6,553,No,Laptop,FP3,,AMD PRO A-Series Processors,AMD PRO A-Series A10 APU for Laptops,AMD Radeon™ R6 Graphics,
A10 PRO-7800B with Radeon™ R7 Graphics,,4,4,3.5,3.9,,256,4,,28,,,65,35-65,71.3,DDR3,2133,2,,8,720,No,Desktop,FM2+,,AMD PRO A-Series Processors,AMD PRO A-Series A10 APU for Desktops,AMD Radeon™ R7 Graphics,
A10 PRO-7850B with Radeon™ R7 Graphics,,4,4,3.7,4,,256,4,,28,,,95,,72.4,DDR3,2133,2,,8,720,No,Desktop,FM2+,,AMD PRO A-Series Processors,AMD PRO A-Series A10 APU for Desktops,AMD Radeon™ R7 Graphics,
A10-6700 with Radeon™ HD 8670D,,4,4,3.7,4.3,,192,4,,32,,,65,,71.3,DDR3,1866,2,,,844,No,Desktop,FM2,,AMD A-Series Processors,AMD A10-Series APU for Desktops,AMD Radeon™ HD 8670D,
A10-6700T with Radeon™ HD 8650D,,4,4,2.5,3.5,,192,4,,32,,,45,,71.3,DDR3,1866,2,,,720,No,Desktop,FM2,,AMD A-Series Processors,AMD A10-Series APU for Desktops,AMD Radeon™ HD 8650D,
A10-6790B with Radeon™ HD 8670D,,4,4,4,4.3,,192,4,,32,,,45,,74,DDR3,1866,2,,,844,No,Desktop,FM2,,AMD A-Series Processors,AMD Business Class - Quad-Core A10-Series APU for Desktops,AMD Radeon™ HD 8670D,
A10-6790K with Radeon™ HD 8670D,,4,4,4,4.3,,192,4,,32,,,100,,74,DDR3,1866,2,,,844,Yes,Desktop,FM2,,AMD A-Series Processors,AMD A10-Series APU for Desktops,AMD Radeon™ HD 8670D,
A10-6800B with Radeon™ HD 8670D,,4,4,4.1,4.4,,192,4,,32,,,45,,74,DDR3,2133,2,,,844,No,Desktop,FM2,,AMD A-Series Processors,AMD Business Class - Quad-Core A10-Series APU for Desktops,AMD Radeon™ HD 8670D,
A10-6800K with Radeon™ HD 8670D,,4,4,4.1,4.4,,192,4,,32,,,100,,74,DDR3,2133,2,,,844,Yes,Desktop,FM2,,AMD A-Series Processors,AMD A10-Series APU for Desktops,AMD Radeon™ HD 8670D,
A10-7300 with Radeon™ R6 Graphics,,4,4,1.9,3.2,,,4,,28,,,20,,,,,2,,6,553,No,Laptop,FP3,,AMD A-Series Processors,AMD A10-Series APU for Laptops,AMD Radeon™ R6 Graphics,
A10-7400P with Radeon™ R6 Graphics,,4,4,2.5,3.4,,,4,,28,,,35,,,DDR3L,1866,2,,6,654,No,Laptop,FP3,,AMD A-Series Processors,AMD A10-Series APU for Laptops,AMD Radeon™ R6 Graphics,
A10-7700K with Radeon™ R7 Series,,4,4,3.4,3.8,,256,4,,28,,,65,45-65,72.4,DDR3,2133,2,,6,720,Yes,Desktop,FM2+,,AMD A-Series Processors,AMD A10-Series APU for Desktops,AMD Radeon™ R7 Graphics,
A10-7800 with Radeon™ R7 Series,,4,4,3.5,3.9,,256,4,,28,,,65,45-65,71.3,DDR3,2133,2,,8,720,No,Desktop,FM2+,,AMD A-Series Processors,AMD A10-Series APU for Desktops,AMD Radeon™ R7 Graphics,
A10-7850K with Radeon™ R7 Series,,4,4,3.7,4,,256,4,,28,,,95,,72.4,DDR3,2133,2,,8,720,Yes,Desktop,FM2+,,AMD A-Series Processors,AMD A10-Series APU for Desktops,AMD Radeon™ R7 Graphics,
A10-7860K with Radeon™ R7 Graphics and Near Silent Thermal Solution,,4,4,3.6,4,,256,4,,28,,,65,45-65,71.3,DDR3,2133,2,,8,757,Yes,Desktop,FM2+,,AMD A-Series Processors,AMD A10-Series APU for Desktops,AMD Radeon™ R7 Graphics,Near Silent 95W
A10-7860K with Radeon™ R7 Series,,4,4,3.6,4,,256,4,,28,,,65,45-65,71.3,DDR3,2133,2,,8,757,Yes,Desktop,FM2+,,AMD A-Series Processors,AMD A10-Series APU for Desktops,AMD Radeon™ R7 Graphics,
A10-7870K with Radeon™ R7 Graphics and Near Silent Thermal Solution,,4,,3.9,4.1,,256,4,,28,,,95,,72.4,DDR3,2133,2,,8,866,Yes,Desktop,FM2+,,AMD A-Series Processors,AMD A10-Series APU for Desktops,AMD Radeon™ R7 Graphics,Near Silent 125W
A10-7870K with Radeon™ R7 Series,,4,4,3.9,4.1,,256,4,,28,,,95,,72.4,DDR3,2133,2,,8,866,Yes,Desktop,FM2+,,AMD A-Series Processors,AMD A10-Series APU for Desktops,AMD Radeon™ R7 Graphics,
A10-7890K with Radeon™ R7 Graphics and Wraith cooler,,4,,4.1,4.3,,256,4,,28,,,95,,72.4,DDR3,2133,2,,8,866,Yes,Desktop,FM2+,,AMD A-Series Processors,AMD A10-Series APU for Desktops,AMD Radeon™ R7 Graphics,Wraith cooler
A10-8700P with Radeon™ R6 Graphics,,4,4,1.8,3.2,,,2,,28,,,,,90,DDR3,2133,2,,6,800,No,Laptop,FP4,,AMD A-Series Processors,AMD A10-Series APU for AIOs,AMD Radeon™ R6 Graphics,
A4 Micro-6400T with Radeon™ R3 Graphics,,4,4,1.6,,,,2,,28,,,4.5,,,DDR3L,1333,1,,,,No,Laptop,FT3b,,AMD A-Series Processors,AMD A4-Series APU for Laptops,AMD Radeon™ R3 Graphics,
A4 PRO-3340B with Radeon™ HD 8240 Graphics,,4,4,2.2,,,,2,,28,,,25,,,DDR3L,1600,1,,2,400,No,Laptop,FT3,,AMD PRO A-Series Processors,AMD PRO A-Series A4 APU for Laptops,AMD Radeon™ HD 8240 Graphics,
A4 PRO-7300B with Radeon™ HD 8470D,,2,2,3.8,4,,96,1,,32,,,65,,70,DDR3,1600,2,,,800,No,Desktop,FM2,,AMD PRO A-Series Processors,AMD PRO A-Series A4 APU for Desktops,AMD Radeon™ HD 8470D,
A4 PRO-7350B with Radeon™ R5 Graphics,,2,2,3.4,3.8,,,1,,28,,,65,35-65,70,DDR3,1866,2,,3,514,No,Desktop,FM2+,,AMD PRO A-Series Processors,AMD PRO A-Series A4 APU for Desktops,AMD Radeon™ R5 Graphics,
A4-5000 with Radeon™ HD 8330,,4,4,1.5,,,256,2,,28,,,15,,90,DDR3,1600,1,,,500,No,Desktop,FT3,,AMD A-Series Processors,AMD A4-Series APU for Desktops,AMD Radeon™ HD 8330,
A4-5000 with Radeon™ HD 8330,,4,4,1.5,,,,2,,28,,,15,,,,,1,,,,No,Laptop,FT3,,AMD A-Series Processors,AMD A4-Series APU for Laptops,AMD Radeon™ HD 8330,
A4-5100 with Radeon™ HD 8330,,4,4,1.55,,,256,2,,28,,,15,,90,DDR3,1600,1,,,500,No,Desktop,FT3,,AMD A-Series Processors,AMD A4-Series APU for Desktops,AMD Radeon™ HD 8330,
A4-5100 with Radeon™ HD 8330,,4,4,1.55,,,,2,,28,,,15,,,,,1,,,,No,Laptop,FT3,,AMD A-Series Processors,AMD A4-Series APU for Laptops,AMD Radeon™ HD 8330,
A4-6210 with Radeon™ R3 Graphics,,4,4,1.8,,,,2,,28,,,15,,,DDR3L,1599,1,,,,No,Laptop,FT3b,,AMD A-Series Processors,AMD A4-Series APU for Laptops,AMD Radeon™ R3 Graphics,
A4-6300 with Radeon™ HD 8370D,,2,2,3.7,3.9,,96,1,,32,,,65,,70,DDR3,1600,2,,,760,No,Desktop,FM2,,AMD A-Series Processors,AMD A4-Series APU for Desktops,AMD Radeon™ HD 8370D,
A4-6320 with Radeon™ HD 8370D,,2,2,3.8,4,,96,1,,32,,,65,,70,DDR3,1600,2,,,760,No,Desktop,FM2,,AMD A-Series Processors,AMD A4-Series APU for Desktops,AMD Radeon™ HD 8370D,
A4-7210 with Radeon™ R3 Graphics,,4,4,1.8,2.2,,,2,,28,,,65,,90,DDR3L,1600,1,,,686,No,Laptop,FP4,,AMD A-Series Processors,AMD A4-Series APU for AIOs,AMD Radeon™ R3 Graphics,
A4-7210 with Radeon™ R3 Graphics,,4,4,1.8,2.2,,,2,,28,,,65,,90,DDR3L,1600,1,,,686,No,Laptop,FT3b,,AMD A-Series Processors,AMD A4-Series APU for Laptops,AMD Radeon™ R3 Graphics,
A4-7300 with Radeon™ HD 8470D,,2,2,3.8,4,,96,1,,32,,,65,,70,DDR3,1600,2,,,800,No,Desktop,FM2,,AMD A-Series Processors,AMD A4-Series APU for Desktops,AMD Radeon™ HD 8470D,
A6 PRO-7050B with Radeon™ R4 Graphics,,2,2,2.2,3,,,1,,28,,,100,,,DDR3L,1600,2,,3,533,No,Laptop,FP3,,AMD PRO A-Series Processors,AMD PRO A-Series A6 APU for Laptops,AMD Radeon™ R4 Graphics,
A6 PRO-7400B with Radeon™ R5 Graphics,,2,2,3.5,3.9,,,1,,28,,,65,35-65,70,DDR3,1866,2,,4,756,No,Desktop,FM2+,,AMD PRO A-Series Processors,AMD PRO A-Series A6 APU for Desktops,AMD Radeon™ R5 Graphics,
A6-5200 with Radeon™ HD 8400,,4,4,2,,,256,2,,28,,,25,,90,DDR3,1600,1,,,600,No,Desktop,FT3,,AMD A-Series Processors,AMD A6-Series APU for Desktops,AMD Radeon™ HD 8400,
A6-5200M with Radeon™ HD 8400,,4,4,2,,,,2,,28,,,25,,,,,1,,,,No,Laptop,FT3,,AMD A-Series Processors,AMD A6-Series APU for Laptops,AMD Radeon™ HD 8400,
A6-5350M with Radeon™ HD 8450G,,2,2,2.9,3.5,,,2,,32,,,35,,,DDR3,1600,2,,,533,No,Laptop,FS1r2,,AMD A-Series Processors,AMD A6-Series APU for Laptops,AMD Radeon™ HD 8450G,
A6-6310 with Radeon™ R4 Graphics,,4,4,1.8,2.4,,128,2,,28,,,25,,90,DDR3,1866,1,,,800,No,Desktop,FT3b,,AMD A-Series Processors,AMD A6-Series APU for Desktops,AMD Radeon™ R4 Series,
A6-6310 with Radeon™ R4 Graphics,,4,4,2.4,,,,2,,28,,,15,,,DDR3L,1865,1,,,,No,Laptop,FT3b,,AMD A-Series Processors,AMD A6-Series APU for Laptops,AMD Radeon™ R4 Graphics,
A6-6400B with Radeon™ HD 8470D,,2,2,3.9,4.1,,96,1,,32,,,65,,70,DDR3,1866,2,,,800,No,Desktop,FM2,,AMD A-Series Processors,AMD Business Class - Dual-Core A6-Series APU for Desktops,AMD Radeon™ HD 8470D,
A6-6400K with Radeon™ HD 8470D,,2,2,3.9,4.1,,96,1,,32,,,65,,70,DDR3,1866,2,,,800,Yes,Desktop,FM2,,AMD A-Series Processors,AMD A6-Series APU for Desktops,AMD Radeon™ HD 8470D,
A6-6420B with Radeon™ HD 8470D,,2,2,4,4.2,,96,1,,32,,,65,,70,DDR3,1866,2,,,800,No,Desktop,FM2,,AMD A-Series Processors,AMD Business Class - Dual-Core A6-Series APU for Desktops,AMD Radeon™ HD 8470D,
A6-6420K with Radeon™ HD 8470D,,2,2,4,4.2,,96,1,,32,,,65,,70,DDR3,1866,2,,,800,Yes,Desktop,FM2,,AMD A-Series Processors,AMD A6-Series APU for Desktops,AMD Radeon™ HD 8470D,
A6-7000 with Radeon™ R4 Graphics,,2,2,2.2,3,,,1,,28,,,17,,,,,2,,3,533,No,Laptop,FT3,,AMD A-Series Processors,AMD A6-Series APU for Laptops,AMD Radeon™ R4 Graphics,
A6-7310 with Radeon™ R4 Graphics,,4,4,2,2.4,,,2,,28,,,,,90,DDR3L,1866,1,,,800,No,Laptop,FP4,,AMD A-Series Processors,AMD A6-Series APU for AIOs,AMD Radeon™ R4 Graphics,
A6-7310 with Radeon™ R4 Graphics,,4,4,2,2.4,,,2,,28,,,15,,90,DDR3L,1866,1,,,800,No,Laptop,FP4,,AMD A-Series Processors,AMD A6-Series APU for Laptops,AMD Radeon™ R4 Graphics,
A6-7310 with Radeon™ R4 Graphics,,4,4,2,2.4,,,2,,28,,,15,,90,DDR3L,1866,1,,,800,No,Laptop,FT3b,,AMD A-Series Processors,AMD A6-Series APU for Laptops,AMD Radeon™ R4 Graphics,
A6-7400K with Radeon™ R5 Series,,2,2,3.5,3.9,,128,1,,28,,,65,45-65,70,DDR3,1866,2,,4,758,Yes,Desktop,FM2+,,AMD A-Series Processors,AMD A6-Series APU for Desktops,AMD Radeon™ R5 Graphics,
A6-7470K with Radeon™ R5 Series,,2,,3.7,4,,256,1,,28,,,65,45-65,71.3,DDR3,2133,2,,4,800,Yes,Desktop,FM2+,,AMD A-Series Processors,AMD A6-Series APU for Desktops,AMD Radeon™ R5 Graphics,
A6-8500P with Radeon™ R5 Graphics,,2,2,1.6,3,,,1,,28,,,,,90,,,2,,4,800,No,Laptop,FP4,,AMD A-Series Processors,AMD A6-Series APU for AIOs,AMD Radeon™ R5 Graphics,
A6-8500P with Radeon™ R5 Graphics,,2,2,1.6,3,,,1,,28,,,15,,90,,,2,,4,800,No,Laptop,FP4,,AMD A-Series Processors,AMD A6-Series APU for Laptops,AMD Radeon™ R5 Graphics,
A8 PRO-7150B with Radeon™ R5 Graphics,,4,4,1.9,3.2,,,4,,28,,,100,,,DDR3L,1600,2,,6,533,No,Laptop,FP3,,AMD PRO A-Series Processors,AMD PRO A-Series A8 APU for Laptops,AMD Radeon™ R5 Graphics,
A8 PRO-7600B with Radeon™ R7 Graphics,,4,4,3.1,3.8,,,4,,28,,,65,35-65,71.3,DDR3,2133,2,,6,720,No,Desktop,FM2+,,AMD PRO A-Series Processors,AMD PRO A-Series A8 APU for Desktops,AMD Radeon™ R7 Graphics,
A8-6410 with Radeon™ R5 Graphics,,4,4,2.2,2.5,,,2,,28,,,,,90,DDR3L,1866,1,,,847,No,Laptop,FT3b,,AMD A-Series Processors,AMD A8-Series APU for AIOs,AMD Radeon™ R5 Graphics,
A8-6410 with Radeon™ R5 Graphics,,4,4,2,2.4,,,2,,28,,,15,,90,DDR3L,1866,1,,,847,No,Laptop,FT3b,,AMD A-Series Processors,AMD A8-Series APU for Laptops,AMD Radeon™ R5 Graphics,
A8-6500 with Radeon™ HD 8570D,,4,4,3.5,4.1,,192,4,,32,,,65,,71.3,DDR3,1866,2,,,800,No,Desktop,FM2,,AMD A-Series Processors,AMD A8-Series APU for Desktops,AMD Radeon™ HD 8570D,
A8-6500B with Radeon™ HD 8570D,,4,4,3.5,4.1,,192,4,,32,,,65,,71.3,DDR3,1866,2,,,800,No,Desktop,FM2,,AMD A-Series Processors,AMD Business Class - Quad-Core A8-Series APU for Desktops,AMD Radeon™ HD 8570D,
A8-6500T with Radeon™ HD 8550D,,4,4,2.1,3.1,,192,4,,32,,,45,,71.3,DDR3,1866,2,,,720,No,Desktop,FM2,,AMD A-Series Processors,AMD A8-Series APU for Desktops,AMD Radeon™ HD 8550D,
A8-6600K with Radeon™ HD 8570D,,4,4,3.9,4.2,,192,4,,32,,,65,,74,DDR3,1866,2,,,844,Yes,Desktop,FM2,,AMD A-Series Processors,AMD A8-Series APU for Desktops,AMD Radeon™ HD 8570D,
A8-7100 with Radeon™ R5 Graphics,,4,4,1.8,3,,,4,,28,,,20,,,DDR3,1600,2,,4,514,No,Laptop,FP3,,AMD A-Series Processors,AMD A8-Series APU for Laptops,AMD Radeon™ R5 Graphics,
A8-7200P with Radeon™ R5 Graphics,,4,4,2.4,3.3,,,4,,28,,,100,,,DDR3,1866,2,,4,626,No,Laptop,FP3,,AMD A-Series Processors,AMD A8-Series APU for Laptops,AMD Radeon™ R5 Graphics,
A8-7410 with Radeon™ R5 Graphics,,4,4,2.2,2.5,,,2,,28,,,15,,90,DDR3L,1866,1,,,847,No,Laptop,FP4,,AMD A-Series Processors,AMD A8-Series APU for Laptops,AMD Radeon™ R5 Graphics,
A8-7600 with Radeon™ R7 Series,,4,4,3.1,3.8,,256,4,,28,,,65,45-65,71.3,DDR3,2133,2,,6,720,No,Desktop,FM2+,,AMD A-Series Processors,AMD A8-Series APU for Desktops,AMD Radeon™ R7 Graphics,
A8-7650K with Radeon™ R7 Graphics and Near Silent Thermal Solution,,4,4,3.3,3.8,,256,4,,28,,,95,,72.4,DDR3,2133,2,,6,720,Yes,Desktop,FM2+,,AMD A-Series Processors,AMD A8-Series APU for Desktops,AMD Radeon™ R7 Graphics,Near Silent 95W
A8-7650K with Radeon™ R7 Series,,4,4,3.3,3.8,,256,4,,28,,,95,,72.4,DDR3,2133,2,,6,720,Yes,Desktop,FM2+,,AMD A-Series Processors,AMD A8-Series APU for Desktops,AMD Radeon™ R7 Graphics,
A8-7670K with Radeon™ R7 Graphics and Near Silent Thermal Solution,,4,4,3.6,3.9,,256,4,,28,,,95,,72.4,DDR3,2133,2,,6,757,Yes,Desktop,FM2+,,AMD A-Series Processors,AMD A8-Series APU for Desktops,AMD Radeon™ R7 Graphics,Near Silent 95W
A8-8600P with Radeon™ R6 Graphics,,4,4,1.6,3,,,2,,28,,,,,90,DDR3,2133,2,,6,720,No,Laptop,FP4,,AMD A-Series Processors,AMD A8-Series APU for AIOs,AMD Radeon™ R6 Graphics,
AMD Athlon™ 200GE,,2,4,3.2,,,192,1,4,14,3.0,,35,,95,,2666,2,,3,1000,No,Desktop,AM4,,AMD Athlon™ Processors,AMD Athlon™ Desktop Processors with Radeon™ Vega Graphics,Radeon™ Vega 3 Graphics,
AMD Athlon™ 220GE,,2,4,3.4,,,192,1,4,14,3.0,,35,,95,,2666,2,,3,1000,No,Desktop,AM4,,AMD Athlon™ Processors,AMD Athlon™ Desktop Processors with Radeon™ Vega Graphics,Radeon™ Vega 3 Graphics,
AMD Athlon™ 240GE,,2,4,3.5,,,192,1,4,14,3.0,,35,,95,,2666,2,,3,1000,No,Desktop,AM4,,AMD Athlon™ Processors,AMD Athlon™ Desktop Processors with Radeon™ Vega Graphics,Radeon™ Vega 3 Graphics,
AMD Athlon™ 3000G,,2,4,3.5,,,192,1,4,14,3.0,,35,,95,,2666,2,,3,1100,Yes,Desktop,AM4,,AMD Athlon™ Processors,AMD Athlon™ Desktop Processors with Radeon™ Graphics,Radeon™ Vega 3 Graphics,
AMD Athlon™ 300U,,2,4,2.4,3.3,,193,1,4,14,,,15,,105,,2400,2,,3,1000,No,Laptop,FP5,,AMD Athlon™ Processors,AMD Athlon™ Mobile Processors with Radeon™ Vega Graphics,Radeon™ Vega 3 Graphics,
AMD Athlon™ PRO 200GE,,2,4,3.2,,,192,1,4,14,3.0,,35,,95,,2666,2,,3,1000,No,Desktop,AM4,,AMD Athlon™ PRO Processors,AMD Athlon™ PRO Desktop Processors with Radeon™ Vega Graphics,Radeon™ Vega 3 Graphics,
AMD Athlon™ PRO 200U Mobile Processor with Radeon™ Vega 3 Graphics,,2,4,2.3,3.2,,192,1,4,14,3.0,,15,12-25,105,,2400,2,,3,1000,No,Laptop,FP5,,AMD Athlon™ PRO Processors,AMD Athlon™ PRO Mobile Processors with Radeon™ Vega Graphics,Radeon™ Vega 3 Graphics,
AMD Athlon™ PRO 300U Mobile Processor with Radeon™ Vega 3 Graphics,,2,4,2.4,3.3,,384,1,4,14,3.0,,15,12-25,95,,2400,2,,3,1000,No,Laptop,FP5,,AMD Athlon™ PRO Processors,AMD Athlon™ PRO Mobile Processors with Radeon™ Vega Graphics,Radeon™ Vega 3 Graphics,
AMD EPYC™ 7232P,,8,16,3.1,3.2,,,,32,,4.0,128,120,,,DDR4,3200,8,85.3,,,,Server,SP3,1P,AMD EPYC™,AMD EPYC™ 7002 Series,,
AMD EPYC™ 7251,,8,16,2.1,2.9,2.90,,,32,,3.0,128,120,,,DDR4,2400,8,153.6,,,,Server,SP3,1P/2P,AMD EPYC™,AMD EPYC™ 7001 Series,,
AMD EPYC™ 7252,,8,16,3.1,3.2,,,,64,,4.0,128,120,,,DDR4,3200,8,85.3,,,,Server,SP3,1P/2P,AMD EPYC™,AMD EPYC™ 7002 Series,,
AMD EPYC™ 7261,,8,16,2.5,2.9,2.90,,,64,,,,170,,,DDR4,2666,8,170.6,,,,Server,SP3,1P/2P,AMD EPYC™,AMD EPYC™ 7001 Series,,
AMD EPYC™ 7262,,8,16,3.2,3.4,,,,128,,4.0,128,155,,,DDR4,3200,8,204.8,,,,Server,SP3,1P/2P,AMD EPYC™,AMD EPYC™ 7002 Series,,
AMD EPYC™ 7272,,12,24,2.9,3.2,,,,64,,4.0,128,120,,,DDR4,3200,8,85.3,,,,Server,SP3,1P/2P,AMD EPYC™,AMD EPYC™ 7002 Series,,
AMD EPYC™ 7281,,16,32,2.1,2.7,2.70,,,32,,3.0,128,170,,,DDR4,2666,8,170.6,,,,Server,SP3,1P/2P,AMD EPYC™,AMD EPYC™ 7001 Series,,
AMD EPYC™ 7282,,16,32,2.8,3.2,,,,64,,4.0,128,120,,,DDR4,3200,8,85.3,,,,Server,SP3,1P/2P,AMD EPYC™,AMD EPYC™ 7002 Series,,
AMD EPYC™ 7301,,16,32,2.2,2.7,2.70,,,64,,3.0,128,170,,,DDR4,2666,8,170.6,,,,Server,SP3,1P/2P,AMD EPYC™,AMD EPYC™ 7001 Series,,
AMD EPYC™ 7302,,16,32,3,3.3,,,,128,,4.0,128,155,,,DDR4,3200,8,204.8,,,,Server,SP3,1P/2P,AMD EPYC™,AMD EPYC™ 7002 Series,,
AMD EPYC™ 7302P,,16,32,3,3.3,,,,128,,4.0,128,155,,,DDR4,3200,8,204.8,,,,Server,SP3,1P,AMD EPYC™,AMD EPYC™ 7002 Series,,
AMD EPYC™ 7351,,16,32,2.4,2.9,2.90,,,64,,3.0,128,170,,,DDR4,2666,8,170.6,,,,Server,SP3,1P/2P,AMD EPYC™,AMD EPYC™ 7001 Series,,
AMD EPYC™ 7351P,,16,32,2.4,2.9,2.90,,,64,,3.0,128,170,,,DDR4,2666,8,170.6,,,,Server,SP3,1P,AMD EPYC™,AMD EPYC™ 7001 Series,,
AMD EPYC™ 7352,,24,48,2.3,3.2,,,,128,,4.0,128,155,,,DDR4,3200,8,204.8,,,,Server,SP3,1P/2P,AMD EPYC™,AMD EPYC™ 7002 Series,,
AMD EPYC™ 7371,,16,32,3.1,3.8,3.60,,,64,,3.0,128,200,,,DDR4,2666,8,170.6,,,,Server,SP3,1P/2P,AMD EPYC™,AMD EPYC™ 7001 Series,,
AMD EPYC™ 7373X,,16,32,3.05,3.8,,,,768,,4.0,128,240,225-280,,DDR4,3200,8,204.8,,,,Server,SP3,1P/2P,AMD EPYC™,AMD EPYC™ 7003 Series with AMD 3D V-Cache™,,
AMD EPYC™ 7401,,24,48,2,3,2.80,,,64,,3.0,128,170,,,DDR4,2666,8,170.6,,,,Server,SP3,1P/2P,AMD EPYC™,AMD EPYC™ 7001 Series,,
AMD EPYC™ 7401P,,24,48,2,3,2.80,,,64,,3.0,128,170,,,DDR4,2666,8,170.6,,,,Server,SP3,1P,AMD EPYC™,AMD EPYC™ 7001 Series,,
AMD EPYC™ 7402,,24,48,2.8,3.35,,,,128,,4.0,128,180,,,DDR4,3200,8,204.8,,,,Server,SP3,1P/2P,AMD EPYC™,AMD EPYC™ 7002 Series,,
AMD EPYC™ 7402P,,24,48,2.8,3.35,,,,128,,4.0,128,180,,,DDR4,3200,8,204.8,,,,Server,SP3,1P,AMD EPYC™,AMD EPYC™ 7002 Series,,
AMD EPYC™ 7451,,24,48,2.3,3.2,2.90,,,64,,3.0,128,180,,,DDR4,2666,8,170.6,,,,Server,SP3,1P/2P,AMD EPYC™,AMD EPYC™ 7001 Series,,
AMD EPYC™ 7452,,32,64,2.35,3.35,,,,128,,4.0,128,155,,,DDR4,3200,8,204.8,,,,Server,SP3,1P/2P,AMD EPYC™,AMD EPYC™ 7002 Series,,
AMD EPYC™ 7473X,,24,48,2.8,3.7,,,,768,,4.0,128,240,225-280,,DDR4,3200,8,204.8,,,,Server,SP3,1P/2P,AMD EPYC™,AMD EPYC™ 7003 Series with AMD 3D V-Cache™,,
AMD EPYC™ 7501,,32,64,2,3,2.60,,,64,,3.0,128,170,,,DDR4,2666,8,170.6,,,,Server,SP3,1P/2P,AMD EPYC™,AMD EPYC™ 7001 Series,,
AMD EPYC™ 7502,,32,64,2.5,3.35,,,,128,,4.0,128,180,,,DDR4,3200,8,204.8,,,,Server,SP3,1P/2P,AMD EPYC™,AMD EPYC™ 7002 Series,,
AMD EPYC™ 7502P,,32,64,2.5,3.35,,,,128,,4.0,128,180,,,DDR4,3200,8,204.8,,,,Server,SP3,1P,AMD EPYC™,AMD EPYC™ 7002 Series,,
AMD EPYC™ 7532,,32,64,2.4,3.3,,,,256,,4.0,128,200,,,DDR4,3200,8,204.8,,,,Server,SP3,1P/2P,AMD EPYC™,AMD EPYC™ 7002 Series,,
AMD EPYC™ 7542,,32,64,2.9,3.4,,,,128,,4.0,128,225,,,DDR4,3200,8,204.8,,,,Server,SP3,1P/2P,AMD EPYC™,AMD EPYC™ 7002 Series,,
AMD EPYC™ 7551,,32,64,2,3,2.55,,,64,,3.0,128,180,,,DDR4,2666,8,170.6,,,,Server,SP3,1P/2P,AMD EPYC™,AMD EPYC™ 7001 Series,,
AMD EPYC™ 7551P,,32,64,2,3,2.55,,,64,,3.0,128,180,,,DDR4,2666,8,170.6,,,,Server,SP3,1P,AMD EPYC™,AMD EPYC™ 7001 Series,,
AMD EPYC™ 7552,,48,96,2.2,3.3,,,,192,,4.0,128,200,,,DDR4,3200,8,204.8,,,,Server,SP3,1P/2P,AMD EPYC™,AMD EPYC™ 7002 Series,,
AMD EPYC™ 7573X,,32,64,2.8,3.6,,,,768,,4.0,128,280,225-280,,DDR4,3200,8,204.8,,,,Server,SP3,1P/2P,AMD EPYC™,AMD EPYC™ 7003 Series with AMD 3D V-Cache™,,
AMD EPYC™ 7601,,32,64,2.2,3.2,2.70,,,64,,3.0,128,180,,,DDR4,2666,8,170.6,,,,Server,SP3,1P/2P,AMD EPYC™,AMD EPYC™ 7001 Series,,
AMD EPYC™ 7642,,48,96,2.3,3.3,,,,256,,4.0,128,225,,,DDR4,3200,8,204.8,,,,Server,SP3,1P/2P,AMD EPYC™,AMD EPYC™ 7002 Series,,
AMD EPYC™ 7662,,64,128,2,3.3,,,,256,,4.0,128,225,,,DDR4,3200,8,204.8,,,,Server,SP3,1P/2P,AMD EPYC™,AMD EPYC™ 7002 Series,,
AMD EPYC™ 7702,,64,128,2,3.35,,,,256,,4.0,128,200,,,DDR4,3200,8,204.8,,,,Server,SP3,1P/2P,AMD EPYC™,AMD EPYC™ 7002 Series,,
AMD EPYC™ 7702P,,64,128,2,3.35,,,,256,,4.0,128,200,,,DDR4,3200,8,204.8,,,,Server,SP3,1P,AMD EPYC™,AMD EPYC™ 7002 Series,,
AMD EPYC™ 7742,,64,128,2.25,3.4,,,,256,,4.0,128,225,,,DDR4,3200,8,204.8,,,,Server,SP3,1P/2P,AMD EPYC™,AMD EPYC™ 7002 Series,,
AMD EPYC™ 7773X,,64,128,2.2,3.5,,,,768,,4.0,128,280,225-280,,DDR4,3200,8,204.8,,,,Server,SP3,1P/2P,AMD EPYC™,AMD EPYC™ 7003 Series with AMD 3D V-Cache™,,
AMD EPYC™ 7F32,,8,16,3.7,3.9,,,,128,,4.0,128,180,,,DDR4,3200,8,204.8,,,,Server,SP3,1P/2P,AMD EPYC™,AMD EPYC™ 7002 Series,,
AMD EPYC™ 7F52,,16,32,3.5,3.9,,,,256,,4.0,128,240,,,DDR4,3200,8,204.8,,,,Server,SP3,1P/2P,AMD EPYC™,AMD EPYC™ 7002 Series,,
AMD EPYC™ 7F72,,24,48,3.2,3.7,,,,192,,4.0,128,240,,,DDR4,3200,8,204.8,,,,Server,SP3,1P/2P,AMD EPYC™,AMD EPYC™ 7002 Series,,
AMD EPYC™ 7H12,,64,128,2.6,3.3,,,,256,,4.0,128,280,,,DDR4,3200,8,204.8,,,,Server,SP3,1P/2P,AMD EPYC™,AMD EPYC™ 7002 Series,,
AMD Opteron™ X2150 APU,,4,4,1.9,,,,2,,28,,,22,,,DDR3,,,,,600,No,Server,FT3,,AMD Opteron™,AMD Opteron™ X2100 Series APU,AMD Radeon™ HD 8400,
AMD Opteron™ X2170,,4,4,2.4,,,,2,,28,,,25,,,DDR3,1866,,,,800,,Server,FT3,,AMD Opteron™,AMD Opteron™ X2100 Series APU,,
AMD Ryzen™ 3 4100,,4,8,3.8,4,,256,2,4,7,3.0,,65,,95,DDR4,3200,2,,,,Yes,Desktop,AM4,1P,AMD Ryzen™ Processors,AMD Ryzen™ 3 Desktop Processors,,Wraith Stealth
AMD Ryzen™ 3 5125C,,2,4,3,3,,128,1,8,7,3.0,,15,,95,DDR4,,2,,3,,No,Laptop,FP6,,AMD Ryzen™ Processors,AMD Ryzen™ 3 Mobile Processors with Radeon™ Graphics,AMD Radeon™ Graphics,
AMD Ryzen™ 3 5425C,,4,8,2.7,4.1,,256,2,8,7,3.0,,15,,95,DDR4,,2,,6,,No,Laptop,FP6,,AMD Ryzen™ Processors,AMD Ryzen™ 3 Mobile Processors with Radeon™ Graphics,AMD Radeon™ Graphics,
AMD Ryzen™ 3 5425U,,4,8,2.7,4.1,,256,2,8,7,3.0,,15,,95,DDR4,,2,,6,1600,No,Laptop,FP6,,AMD Ryzen™ Processors,AMD Ryzen™ 3 Mobile Processors with Radeon™ Graphics,AMD Radeon™ Graphics,
AMD Ryzen™ 3 PRO 5475U,,4,8,2.7,4.1,,256,2,8,7,3.0,,15,,95,DDR4,,2,,6,1600,No,Laptop,FP6,,AMD Ryzen™ PRO Processors,AMD Ryzen™ 3 PRO 5000 Series Mobile Processors,AMD Radeon™ Graphics,
AMD Ryzen™ 5 1600 (AF),,6,12,3.2,3.6,,576,3,16,12,3.0,16,65,,95,DDR4,2666,2,,,,Yes,Desktop,AM4,,AMD Ryzen™ Processors,AMD Ryzen™ 5 Desktop Processors,,Wraith Stealth
AMD Ryzen™ 5 3400G with Radeon™ RX Vega 11 Graphics,,4,8,3.7,4.2,,384,2,4,12,3.0,,65,45-65,95,DDR4,,2,,11,1400,Yes,Desktop,AM4,,AMD Ryzen™ Processors,AMD Ryzen™ 5 Desktop Processors with Radeon™ Vega Graphics,Radeon™ RX Vega 11 Graphics,Wraith Spire
AMD Ryzen™ 5 3500,,6,6,3.6,4.1,,384,3,16,7,4.0,16,65,,95,DDR4,3200,2,,,,Yes,Desktop,AM4,,AMD Ryzen™ Processors,AMD Ryzen™ 5 Desktop Processors,,
AMD Ryzen™ 5 3580U Microsoft Surface® Edition,,4,8,2.1,3.7,,384,2,4,12,3.0,,15,12-35,105,,2400,2,,9,1300,No,Laptop,FP5,,AMD Ryzen™ Processors,AMD Ryzen™ 5 Mobile Processors with Radeon™ Vega 9 Graphics Microsoft Surface® Edition,Radeon™ Vega 9 Graphics,
AMD Ryzen™ 5 4500,,6,12,3.6,4.1,,384,3,8,7,3.0,,65,,95,DDR4,3200,2,,,,Yes,Desktop,AM4,1P,AMD Ryzen™ Processors,AMD Ryzen™ 5 Desktop Processors,,Wraith Stealth
AMD Ryzen™ 5 5500,,6,12,3.6,4.2,,384,3,16,7,3.0,,65,,90,DDR4,3200,2,,,,Yes,Desktop,AM4,1P,AMD Ryzen™ Processors,AMD Ryzen™ 5 Desktop Processors,,Wraith Stealth
AMD Ryzen™ 5 5600,,6,12,3.5,4.4,,384,3,32,7,4.0,,65,,90,DDR4,3200,2,,,,Yes,Desktop,AM4,1P,AMD Ryzen™ Processors,AMD Ryzen™ 5 Desktop Processors,,Wraith Stealth
AMD Ryzen™ 5 5625C,,6,12,2.3,4.3,,384,3,16,7,3.0,,15,,95,DDR4,,2,,7,,No,Laptop,FP6,,AMD Ryzen™ Processors,AMD Ryzen™ 5 Mobile Processors with Radeon™ Graphics,AMD Radeon™ Graphics,
AMD Ryzen™ 5 5625U,,6,12,2.3,4.3,,384,3,16,7,3.0,,15,,95,DDR4,,2,,7,1800,No,Laptop,FP6,,AMD Ryzen™ Processors,AMD Ryzen™ 5 Mobile Processors with Radeon™ Graphics,AMD Radeon™ Graphics,
AMD Ryzen™ 5 PRO 2600,,6,12,3.4,3.9,,576,3,16,12,3.0,,65,,95,DDR4,2933,2,,,,No,Desktop,AM4,,AMD Ryzen™ PRO Processors,AMD Ryzen™ 5 PRO Desktop Processors,,
AMD Ryzen™ 5 PRO 5675U,,6,12,2.3,4.3,,384,3,16,7,3.0,,15,,95,DDR4,,2,,7,1800,No,Laptop,FP6,,AMD Ryzen™ PRO Processors,AMD Ryzen™ 5 PRO 5000 Series Mobile Processors,AMD Radeon™ Graphics,
AMD Ryzen™ 7 3780U Microsoft Surface® Edition,,4,8,2.3,4,,384,2,4,12,3.0,,15,12-35,105,,2400,2,,11,1400,No,Laptop,FP5,,AMD Ryzen™ Processors,AMD Ryzen™ 7 Mobile Processors with Radeon™ RX Vega 11 Graphics Microsoft Surface® Edition,Radeon™ RX Vega 11 Graphics,
AMD Ryzen™ 7 5700X,,8,16,3.4,4.6,,512,4,32,7,4.0,,65,,90,DDR4,3200,2,,,,Yes,Desktop,AM4,1P,AMD Ryzen™ Processors,AMD Ryzen™ 7 Desktop Processors,,
AMD Ryzen™ 7 5800X3D,,8,16,3.4,4.5,,512,4,96,7,4.0,,105,,90,DDR4,,2,,,,,Desktop,AM4,1P,AMD Ryzen™ Processors,AMD Ryzen™ 7 Desktop Processors,,
AMD Ryzen™ 7 5825C,,8,16,2,4.5,,512,4,16,7,3.0,,15,,95,DDR4,,2,,8,,No,Laptop,FP6,,AMD Ryzen™ Processors,AMD Ryzen™ 7 Mobile Processors with Radeon™ Graphics,AMD Radeon™ Graphics,
AMD Ryzen™ 7 5825U,,8,16,2,4.5,,512,4,16,7,3.0,,15,,95,DDR4,,2,,8,2000,No,Laptop,FP6,,AMD Ryzen™ Processors,AMD Ryzen™ 7 Mobile Processors with Radeon™ Graphics,AMD Radeon™ Graphics,
AMD Ryzen™ 7 PRO 2700,,8,16,3.2,4.1,,768,4,16,12,3.0,,65,,95,DDR4,2933,2,,,,No,Desktop,AM4,,AMD Ryzen™ PRO Processors,AMD Ryzen™ 7 PRO Desktop Processors,,
AMD Ryzen™ 7 PRO 2700X,,8,16,3.6,4.1,,768,4,16,12,3.0,,95,,95,DDR4,2933,2,,,,No,Desktop,AM4,,AMD Ryzen™ PRO Processors,AMD Ryzen™ 7 PRO Desktop Processors,,
AMD Ryzen™ 7 PRO 5875U,,8,16,2,4.5,,512,4,16,7,3.0,,15,,95,DDR4,,2,,8,2000,No,Laptop,FP6,,AMD Ryzen™ PRO Processors,AMD Ryzen™ 7 PRO 5000 Series Mobile Processors,AMD Radeon™ Graphics,
AMD Ryzen™ 9 3950X,,16,32,3.5,4.7,,1024,8,64,7,4.0,,105,,95,DDR4,,2,,,,Yes,Desktop,AM4,,AMD Ryzen™ Processors,AMD Ryzen™ 9 Desktop Processors,,
AMD Ryzen™ Threadripper™ 3990X,,64,128,2.9,4.3,,4096,32,256,7,4.0,,280,,95,DDR4,,4,,,,Yes,Desktop,sTRX4,,AMD Ryzen™ Processors,AMD Ryzen™ Threadripper™ Processors,,
AMD Ryzen™ Threadripper™ PRO 5945WX,,12,24,4.1,4.5,,765,6,64,7,4.0,,280,,95,DDR4,3200,8,,,,No,Desktop,sWRX8,1P,AMD Ryzen™ PRO Processors,AMD Ryzen™ Threadripper™ PRO 5000 WX-Series,,
AMD Ryzen™ Threadripper™ PRO 5955WX,,16,32,4,4.5,,1024,8,64,7,4.0,,280,,95,DDR4,3200,8,,,,No,Desktop,sWRX8,1P,AMD Ryzen™ PRO Processors,AMD Ryzen™ Threadripper™ PRO 5000 WX-Series,,
AMD Ryzen™ Threadripper™ PRO 5965WX,,24,48,3.8,4.5,,1536,12,128,7,4.0,,280,,95,DDR4,3200,8,,,,No,Desktop,sWRX8,1P,AMD Ryzen™ PRO Processors,AMD Ryzen™ Threadripper™ PRO 5000 WX-Series,,
AMD Ryzen™ Threadripper™ PRO 5975WX,,32,64,3.6,4.5,,2048,16,128,7,4.0,,280,,95,DDR4,3200,8,,,,No,Desktop,sWRX8,1P,AMD Ryzen™ PRO Processors,AMD Ryzen™ Threadripper™ PRO 5000 WX-Series,,
AMD Ryzen™ Threadripper™ PRO 5995WX,,64,128,2.7,4.5,,4096,32,256,7,4.0,,280,,95,DDR4,3200,8,,,,No,Desktop,sWRX8,1P,AMD Ryzen™ PRO Processors,AMD Ryzen™ Threadripper™ PRO 5000 WX-Series,,
Athlon™ 5150 APU with Radeon™ R3 Series,,4,4,1.6,,,256,2,,28,,,25,,76,DDR3,1600,1,,,600,No,Desktop,AM1,,AMD Athlon™ Processors,AMD Athlon™ Quad-Core APU,AMD Radeon™ R3 Graphics,
Athlon™ 5350 APU with Radeon™ R3 Series,,4,4,2.05,,,256,2,,28,,,25,,76,DDR3,1600,1,,,600,No,Desktop,AM1,,AMD Athlon™ Processors,AMD Athlon™ Quad-Core APU,AMD Radeon™ R3 Graphics,
Athlon™ 5370 APU with Radeon™ R3 Series,,4,4,2.2,,,256,2,,28,,,25,,76,DDR3,1600,1,,,600,No,Desktop,AM1,,AMD Athlon™ Processors,AMD Athlon™ Quad-Core APU,AMD Radeon™ R3 Graphics,
B57,,2,2,3.2,,,,1,,,,,80,,,,,,,,,No,Desktop,AM3,,AMD Phenom™,AMD Business Class - AMD Phenom™ X2 Dual-Core,,
B59,,2,2,3.4,,,,1,,,,,80,,,,,,,,,No,Desktop,AM3,,AMD Phenom™,AMD Business Class - AMD Phenom™ X2 Dual-Core,,
B60,,2,2,3.5,,,,1,,,,,80,,,,,,,,,No,Desktop,AM3,,AMD Phenom™,AMD Business Class - AMD Phenom™ X2 Dual-Core,,
B75,,3,3,3,,,,1.5,,,,,95,,,,,,,,,No,Desktop,AM3,,AMD Phenom™,AMD Business Class - AMD Phenom™ X3 Triple-Core,,
B77,,3,3,3.2,,,,1.5,,,,,95,,,,,,,,,No,Desktop,AM3,,AMD Phenom™,AMD Business Class - AMD Phenom™ X3 Triple-Core,,
B95,,,,3,,,,2,,,,,95,,,,,,,,,No,Desktop,AM3,,AMD Phenom™,AMD Business Class - AMD Phenom™ X4 Quad-Core,,
B97,,4,4,3.2,,,,2,,,,,95,,,,,,,,,No,Desktop,AM3,,AMD Phenom™,AMD Business Class - AMD Phenom™ X4 Quad-Core,,
B99,,4,4,3.3,,,,2,,,,,95,,,,,,,,,No,Desktop,AM3,,AMD Phenom™,AMD Business Class - AMD Phenom™ X4 Quad-Core,,
E1 Micro-6200T with Radeon™ R2 Graphics,,2,2,1.4,,,,1,,28,,,3.95,,,,,1,,,,No,Laptop,FT3b,,AMD E-Series Processors,AMD E1-Series APU for Laptops,AMD Radeon™ R2 Graphics,
E1-2100 with Radeon™ HD 8210,,2,2,1,,,,1,,28,,,9,,,,,1,,,,No,Laptop,FT3,,AMD E-Series Processors,AMD E1-Series APU for Laptops,AMD Radeon™ HD 8210,
E1-2200 with Radeon™ HD 8210,,2,2,1,,,,1,,28,,,9,,,,,1,,,,No,Laptop,FT3,,AMD E-Series Processors,AMD E1-Series APU for Laptops,AMD Radeon™ HD 8210,
E1-2500 with Radeon™ HD 8240,,2,2,1.4,,,,1,,28,,,15,,,,,1,,,,No,Laptop,FT3,,AMD E-Series Processors,AMD E1-Series APU for Laptops,AMD Radeon™ HD 8240,
E1-6010 with Radeon™ R2 Graphics,,2,2,1.35,,,,1,,28,,,10,,,,,1,,,,No,Laptop,FT3b,,AMD E-Series Processors,AMD E1-Series APU for Laptops,AMD Radeon™ R2 Graphics,
E1-7010 with Radeon™ R2 Graphics,,2,2,1.5,1.5,,,1,,28,,,,,90,DDR3L,1333,1,,,400,No,Laptop,FP4,,AMD E-Series Processors,AMD E1-Series APU for AIOs,AMD Radeon™ R2 Graphics,
E1-7010 with Radeon™ R2 Graphics,,2,2,1.5,1.5,,,1,,28,,,10,,90,DDR3L,1333,1,,,400,No,Laptop,FP4,,AMD E-Series Processors,AMD E1-Series APU for Laptops,AMD Radeon™ R2 Graphics,
E2-3000 with Radeon™ HD 8280,,2,2,1.65,,,,1,,28,,,15,,,,,1,,,,No,Laptop,FT3,,AMD E-Series Processors,AMD E2-Series APU for Laptops,AMD Radeon™ HD 8280,
E2-3800 with Radeon™ HD 8280,,4,4,1.3,,,128,2,,28,,,15,,90,DDR3,1600,1,,,450,No,Laptop,FT3,,AMD E-Series Processors,AMD E2-Series APU for Laptops,AMD Radeon™ HD 8280,
E2-6110 with Radeon™ R2 Graphics,,4,4,1.5,,,,2,,28,,,15,,,DDR3,1600,1,,,,No,Laptop,FT3b,,AMD E-Series Processors,AMD E2-Series APU for Laptops,AMD Radeon™ R2 Graphics,
E2-7110 with Radeon™ R2 Graphics,,4,4,1.8,1.8,,,2,,28,,,65,,90,DDR3L,1600,1,,,600,No,Laptop,FP4,,AMD E-Series Processors,AMD E2-Series APU for AIOs,AMD Radeon™ R2 Graphics,
E2-7110 with Radeon™ R2 Graphics,,4,4,1.8,1.8,,,2,,28,,,65,,90,DDR3L,1600,1,,,600,No,Laptop,FP4,,AMD E-Series Processors,AMD E2-Series APU for Laptops,AMD Radeon™ R2 Graphics,
E2-7110 with Radeon™ R2 Graphics,,4,4,1.8,1.8,,,2,,28,,,65,,90,DDR3L,1600,1,,,600,No,Laptop,FT3b,,AMD E-Series Processors,AMD E2-Series APU for Laptops,AMD Radeon™ R2 Graphics,
FX 6100,,6,6,3.3,3.9,,288,6,8,32,,,95,,70,DDR3,1866,,,,,Yes,Desktop,AM3+,,AMD FX-Series Processors,AMD FX 6-Core Black Edition Processors,,
FX-4100,,4,4,3.6,3.8,,192,4,8,32,,,95,,70.5,DDR3,1866,,,,,Yes,Desktop,AM3+,,AMD FX-Series Processors,AMD FX 4-Core Black Edition Processors,,
FX-4130,,4,4,3.8,3.9,,192,4,4,32,,,125,,70,DDR3,1866,,,,,Yes,Desktop,AM3,,AMD FX-Series Processors,AMD FX 4-Core Black Edition Processors,,
FX-4170,,4,4,4.2,4.3,,192,4,8,32,,,125,,61.1,,,,,,,No,Desktop,AM3+,,AMD FX-Series Processors,AMD FX 4-Core Black Edition Processors,,
FX-4300,,4,4,3.8,4,,192,4,4,32,,,95,,70.5,DDR3,1866,,,,,Yes,Desktop,AM3+,,AMD FX-Series Processors,AMD FX 4-Core Black Edition Processors,,
FX-4320,,4,4,4,4.1,,192,4,4,32,,,95,,70.5,DDR3,1866,,,,,No,Desktop,AM3+,,AMD FX-Series Processors,AMD FX 4-Core Black Edition Processors,,
FX-4350,,4,4,4.2,4.3,,192,4,8,32,,,125,,61.1,DDR3,1866,,,,,Yes,Desktop,AM3+,,AMD FX-Series Processors,AMD FX 4-Core Black Edition Processors,,
FX-6200,,6,6,3.8,4.1,,288,6,8,32,,,125,,61.1,DDR3,1866,,,,,Yes,Desktop,AM3+,,AMD FX-Series Processors,AMD FX 6-Core Black Edition Processors,,
FX-6300,,6,6,3.5,3.8,,288,6,8,32,3.0,,95,,70.5,DDR3,1866,,,,,No,Desktop,AM3+,,AMD FX-Series Processors,AMD FX 6-Core Black Edition Processors,,
FX-6350,,6,6,3.9,4.2,,288,6,8,32,,,125,,61,DDR3,1866,,,,,Yes,Desktop,AM3+,,AMD FX-Series Processors,AMD FX 6-Core Black Edition Processors,,
FX-6350 with Wraith cooler,,6,6,3.9,4.2,,288,6,8,32,,,125,,61,DDR3,1866,,,,,Yes,Desktop,AM3+,,AMD FX-Series Processors,AMD FX 6-Core Black Edition Processors,,Wraith cooler
FX-7500 with Radeon™ R7 Graphics,,4,4,2.1,3.3,,,4,,28,,,20,,,DDR3,1600,2,,6,553,No,Laptop,FP3,,AMD FX-Series Processors,AMD FX-Series Processors for Laptops,AMD Radeon™ R7 Graphics,
FX-7600P with Radeon™ R7 Graphics,,4,4,2.7,3.6,,,4,,28,,,35,,,DDR3,2133,2,,8,686,No,Laptop,FP3,,AMD FX-Series Processors,AMD FX-Series Processors for Laptops,AMD Radeon™ R7 Graphics,
FX-8120,,8,8,3.1,4,,384,8,8,32,,,125,,61,,,,,,,Yes,Desktop,AM3+,,AMD FX-Series Processors,AMD FX 8-Core Black Edition Processors,,
FX-8150,,8,8,3.6,4.2,,384,8,8,32,,,125,,61,DDR3,,,,,,Yes,Desktop,AM3+,,AMD FX-Series Processors,AMD FX 8-Core Black Edition Processors,,
FX-8300,,8,8,3.3,4.2,,384,8,8,32,,,95,,70.5,DDR3,1866,,,,,Yes,Desktop,AM3+,,AMD FX-Series Processors,AMD FX 8-Core Black Edition Processors,,
FX-8310,,8,8,3.4,4.3,,,8,,32,,,95,,70.5,,,,,,,Yes,Desktop,AM3+,,AMD FX-Series Processors,AMD FX 8-Core Black Edition Processors,,
FX-8320,,8,8,3.5,4,,384,8,8,32,,,125,,61.1,DDR3,1866,,,,,Yes,Desktop,AM3+,,AMD FX-Series Processors,AMD FX 8-Core Black Edition Processors,,
FX-8320E,,8,8,3.2,4,,384,8,8,32,,,95,,70.5,DDR3,1866,,,,,Yes,Desktop,AM3+,,AMD FX-Series Processors,AMD FX 8-Core Black Edition Processors,,
FX-8350,,8,8,4,4.2,,384,8,8,32,,,125,,61,DDR3,1866,,,,,Yes,Desktop,AM3+,,AMD FX-Series Processors,AMD FX 8-Core Black Edition Processors,,
FX-8350 with Wraith cooler,,8,8,4,4.2,,384,8,8,32,,,125,,61,DDR3,1866,,,,,Yes,Desktop,AM3+,,AMD FX-Series Processors,AMD FX 8-Core Black Edition Processors,,Wraith cooler
FX-8370,,8,8,4,4.3,,384,8,8,32,,,125,,61.1,DDR3,1866,,,,,Yes,Desktop,AM3+,,AMD FX-Series Processors,AMD FX 8-Core Black Edition Processors,,
FX-8370 with Wraith cooler,,8,8,4,4.3,,384,8,8,32,,,125,,61.1,DDR3,1866,2,,,,Yes,Desktop,AM3+,,AMD FX-Series Processors,AMD FX 8-Core Black Edition Processors,,Wraith cooler
FX-8370E,,8,8,3.3,4.3,,384,8,8,32,,,95,,70.5,DDR3,1866,,,,,Yes,Desktop,AM3+,,AMD FX-Series Processors,AMD FX 8-Core Black Edition Processors,,
FX-8800P with Radeon™ R7 Graphics,,4,4,2.1,3.4,,,2,,28,,,,,90,DDR3,2133,2,,8,800,No,Laptop,FP4,,AMD FX-Series Processors,AMD FX-Series Processors for AIOs,AMD Radeon™ R7 Graphics,
FX-9370,,8,8,4.4,4.7,,384,8,8,32,,,220,,57,DDR3,1866,,,,,Yes,Desktop,AM3+,,AMD FX-Series Processors,AMD FX 8-Core Black Edition Processors,,
FX-9590,,8,8,4.7,5,,384,8,8,32,,,220,,57,DDR3,1866,,,,,Yes,Desktop,AM3+,,AMD FX-Series Processors,AMD FX 8-Core Black Edition Processors,,
N640,,2,2,2.8,,,256,2,,,,,35,,100,,,,,,,No,Laptop,S1,,AMD Phenom™,AMD Phenom™ II Dual-Core Mobile Processors,,
N660,,2,2,3,,,256,2,,,,,35,,100,DDR3,,,,,,No,Laptop,S1,,AMD Phenom™,AMD Phenom™ II Dual-Core Mobile Processors,,
N870,,3,3,2.3,,,384,1.5,,,,,35,,100,DDR3,,,,,,No,Laptop,AM2+,,AMD Phenom™,AMD Phenom™ II Triple-Core Mobile Processors,,
N960,,4,4,1.8,,,512,2,,,,,35,,100,DDR3,,,,,,No,Laptop,S1,,AMD Phenom™,AMD Phenom™ II Quad-Core Mobile Processors,,
N970,,4,4,2.2,,,512,2,,,,,35,,100,DDR3,,,,,,No,Laptop,S1,,AMD Phenom™,AMD Phenom™ II Quad-Core Mobile Processors,,
P650,,2,2,2.6,,,256,2,,,,,35,,100,DDR3,,,,,,No,Laptop,S1,,AMD Phenom™,AMD Phenom™ II Dual-Core Mobile Processors,,
P860,,3,3,2,,,384,1.5,,,,,35,,100,DDR3,,,,,,No,Laptop,AM2+,,AMD Phenom™,AMD Phenom™ II Triple-Core Mobile Processors,,
Sempron™ 2650 APU with Radeon™ R3 Series,,2,2,1.45,,,128,1,,28,,,25,,90,DDR3,1333,1,,,400,No,Desktop,AM1,,AMD Sempron™,AMD Sempron™ Dual-Core APU,AMD Radeon™ R3 Graphics,
Sempron™ 3850 APU with Radeon™ R3 Series,,4,4,1.3,,,256,2,,28,,,25,,90,DDR3,1600,1,,,450,No,Desktop,AM1,,AMD Sempron™,AMD Sempron™ Quad-Core APU,AMD Radeon™ R3 Graphics,
TL-52,,2,2,1.6,,,,2,,,,,31,,,,,,,,,No,Laptop,S1,,AMD Turion™,AMD Turion™ 64 X2 Dual-Core Mobile Technology,,
TL-56,,,,1.8,,,,,,,,,31,,,,,,,,,No,Laptop,S1,,AMD Turion™,AMD Turion™ 64 X2 Dual-Core Mobile Technology,,
TL-60,,2,2,2,,,,1,,,,,31,,,DDR2,667,,,,,No,Laptop,S1,,AMD Turion™,AMD Turion™ 64 X2 Dual-Core Mobile Technology,,
TL-64,,2,2,2.2,,,,1,,,,,35,,95,DDR2,667,,,,,No,Laptop,S1,,AMD Turion™,AMD Turion™ 64 X2 Dual-Core Mobile Technology,,
X1150,,4,4,2,,,,2,,28,,,17,,70,DDR3,800,,,,,No,Server,FT3,,AMD Opteron™,AMD Opteron™ X1100 Series Processors,,
X940,,4,4,2.4,,,512,2,,,,,45,,100,DDR3,,,,,,Yes,Laptop,S1,,AMD Phenom™,AMD Phenom™ II Black Edition Quad-Core Mobile Processors,,
